Fold,Model,acc,b_acc,sensitivity,specificity,ppv,fpr,tpr,auc,precision,recall,a_precision
0,rf,0.7678571428571429,0.7371541501976284,0.9090909090909091,0.5652173913043478,0.75,"[0.         0.         0.         0.04347826 0.04347826 0.04347826
 0.08695652 0.08695652 0.17391304 0.17391304 0.2173913  0.2173913
 0.26086957 0.26086957 0.30434783 0.30434783 0.34782609 0.34782609
 0.43478261 0.60869565 0.60869565 0.65217391 0.65217391 0.86956522
 0.86956522 1.        ]","[0.         0.03030303 0.18181818 0.18181818 0.24242424 0.3030303
 0.3030303  0.48484848 0.48484848 0.60606061 0.60606061 0.72727273
 0.72727273 0.75757576 0.75757576 0.84848485 0.84848485 0.90909091
 0.90909091 0.90909091 0.93939394 0.93939394 0.96969697 0.96969697
 1.         1.        ]",0.8102766798418972,"[0.62264151 0.61538462 0.62745098 0.64       0.65306122 0.66666667
 0.68085106 0.67391304 0.68888889 0.68181818 0.69767442 0.71428571
 0.73170732 0.75       0.78947368 0.78378378 0.77777778 0.8
 0.79411765 0.78787879 0.78125    0.80645161 0.8        0.82758621
 0.82142857 0.81481481 0.80769231 0.8        0.83333333 0.82608696
 0.81818182 0.80952381 0.8        0.84210526 0.88888889 0.88235294
 0.875      0.86666667 0.85714286 0.84615385 0.83333333 0.90909091
 0.9        0.88888889 0.85714286 1.         1.         1.
 1.         1.         1.         1.        ]","[1.         0.96969697 0.96969697 0.96969697 0.96969697 0.96969697
 0.96969697 0.93939394 0.93939394 0.90909091 0.90909091 0.90909091
 0.90909091 0.90909091 0.90909091 0.87878788 0.84848485 0.84848485
 0.81818182 0.78787879 0.75757576 0.75757576 0.72727273 0.72727273
 0.6969697  0.66666667 0.63636364 0.60606061 0.60606061 0.57575758
 0.54545455 0.51515152 0.48484848 0.48484848 0.48484848 0.45454545
 0.42424242 0.39393939 0.36363636 0.33333333 0.3030303  0.3030303
 0.27272727 0.24242424 0.18181818 0.18181818 0.15151515 0.12121212
 0.09090909 0.06060606 0.03030303 0.        ]",0.8519942025235802
0,lr,0.75,0.7088274044795784,0.9393939393939394,0.4782608695652174,0.7209302325581395,"[0.         0.         0.         0.04347826 0.04347826 0.13043478
 0.13043478 0.17391304 0.17391304 0.2173913  0.2173913  0.26086957
 0.26086957 0.30434783 0.30434783 0.43478261 0.43478261 0.52173913
 0.52173913 0.56521739 0.56521739 0.69565217 0.69565217 1.        ]","[0.         0.03030303 0.15151515 0.15151515 0.51515152 0.51515152
 0.54545455 0.54545455 0.63636364 0.63636364 0.66666667 0.66666667
 0.6969697  0.6969697  0.78787879 0.78787879 0.90909091 0.90909091
 0.93939394 0.93939394 0.96969697 0.96969697 1.         1.        ]",0.8155467720685112,"[0.67346939 0.66666667 0.68085106 0.69565217 0.71111111 0.70454545
 0.72093023 0.71428571 0.73170732 0.75       0.74358974 0.73684211
 0.72972973 0.72222222 0.74285714 0.76470588 0.78787879 0.78125
 0.77419355 0.76666667 0.79310345 0.78571429 0.81481481 0.80769231
 0.84       0.83333333 0.82608696 0.81818182 0.85714286 0.85
 0.89473684 0.94444444 0.94117647 0.9375     0.93333333 0.92857143
 0.92307692 0.91666667 0.90909091 0.9        0.88888889 0.875
 0.85714286 0.83333333 1.         1.         1.         1.
 1.         1.        ]","[1.         0.96969697 0.96969697 0.96969697 0.96969697 0.93939394
 0.93939394 0.90909091 0.90909091 0.90909091 0.87878788 0.84848485
 0.81818182 0.78787879 0.78787879 0.78787879 0.78787879 0.75757576
 0.72727273 0.6969697  0.6969697  0.66666667 0.66666667 0.63636364
 0.63636364 0.60606061 0.57575758 0.54545455 0.54545455 0.51515152
 0.51515152 0.51515152 0.48484848 0.45454545 0.42424242 0.39393939
 0.36363636 0.33333333 0.3030303  0.27272727 0.24242424 0.21212121
 0.18181818 0.15151515 0.15151515 0.12121212 0.09090909 0.06060606
 0.03030303 0.        ]",0.8584353932777321
0,rf,0.7142857142857143,0.6851119894598156,0.8484848484848485,0.5217391304347826,0.717948717948718,"[0.         0.         0.         0.04347826 0.04347826 0.04347826
 0.04347826 0.13043478 0.13043478 0.17391304 0.17391304 0.2173913
 0.2173913  0.26086957 0.26086957 0.43478261 0.43478261 0.52173913
 0.60869565 0.60869565 0.60869565 0.69565217 0.73913043 0.82608696
 0.82608696 1.        ]","[0.         0.03030303 0.21212121 0.33333333 0.39393939 0.42424242
 0.48484848 0.48484848 0.57575758 0.57575758 0.63636364 0.63636364
 0.75757576 0.75757576 0.78787879 0.78787879 0.84848485 0.84848485
 0.84848485 0.87878788 0.93939394 0.93939394 0.96969697 0.96969697
 1.         1.        ]",0.80566534914361,"[0.63461538 0.62745098 0.65306122 0.65957447 0.67391304 0.68888889
 0.6744186  0.66666667 0.7        0.71794872 0.73684211 0.72222222
 0.74285714 0.76470588 0.78787879 0.8125     0.80645161 0.83333333
 0.82758621 0.82142857 0.81481481 0.80769231 0.84       0.83333333
 0.82608696 0.86363636 0.85714286 0.85       0.84210526 0.94117647
 0.93333333 0.92857143 0.91666667 1.         1.         1.
 1.         1.        ]","[1.         0.96969697 0.96969697 0.93939394 0.93939394 0.93939394
 0.87878788 0.84848485 0.84848485 0.84848485 0.84848485 0.78787879
 0.78787879 0.78787879 0.78787879 0.78787879 0.75757576 0.75757576
 0.72727273 0.6969697  0.66666667 0.63636364 0.63636364 0.60606061
 0.57575758 0.57575758 0.54545455 0.51515152 0.48484848 0.48484848
 0.42424242 0.39393939 0.33333333 0.21212121 0.15151515 0.09090909
 0.03030303 0.        ]",0.8638432873019875
0,lr,0.7142857142857143,0.6785243741765481,0.8787878787878788,0.4782608695652174,0.7073170731707317,"[0.         0.         0.         0.04347826 0.04347826 0.13043478
 0.13043478 0.17391304 0.17391304 0.30434783 0.30434783 0.43478261
 0.43478261 0.60869565 0.60869565 0.69565217 0.69565217 0.73913043
 0.73913043 1.        ]","[0.         0.03030303 0.27272727 0.27272727 0.51515152 0.51515152
 0.72727273 0.72727273 0.78787879 0.78787879 0.84848485 0.84848485
 0.87878788 0.87878788 0.90909091 0.90909091 0.96969697 0.96969697
 1.         1.        ]",0.8366271409749672,"[0.66       0.65306122 0.66666667 0.65957447 0.65217391 0.66666667
 0.68181818 0.6744186  0.69047619 0.70731707 0.725      0.74358974
 0.73684211 0.75675676 0.77777778 0.8        0.79411765 0.78787879
 0.8125     0.83870968 0.86666667 0.86206897 0.85714286 0.88888889
 0.88461538 0.88       0.875      0.86956522 0.86363636 0.85714286
 0.85       0.89473684 0.94444444 0.94117647 0.9375     0.93333333
 0.92857143 0.92307692 0.91666667 0.90909091 0.9        1.
 1.         1.         1.         1.         1.         1.
 1.         1.         1.        ]","[1.         0.96969697 0.96969697 0.93939394 0.90909091 0.90909091
 0.90909091 0.87878788 0.87878788 0.87878788 0.87878788 0.87878788
 0.84848485 0.84848485 0.84848485 0.84848485 0.81818182 0.78787879
 0.78787879 0.78787879 0.78787879 0.75757576 0.72727273 0.72727273
 0.6969697  0.66666667 0.63636364 0.60606061 0.57575758 0.54545455
 0.51515152 0.51515152 0.51515152 0.48484848 0.45454545 0.42424242
 0.39393939 0.36363636 0.33333333 0.3030303  0.27272727 0.27272727
 0.24242424 0.21212121 0.18181818 0.15151515 0.12121212 0.09090909
 0.06060606 0.03030303 0.        ]",0.8874912492984597
0,rf,0.7321428571428571,0.6936758893280632,0.9090909090909091,0.4782608695652174,0.7142857142857143,"[0.         0.         0.         0.         0.08695652 0.08695652
 0.13043478 0.13043478 0.13043478 0.13043478 0.13043478 0.13043478
 0.13043478 0.13043478 0.17391304 0.17391304 0.2173913  0.2173913
 0.26086957 0.26086957 0.34782609 0.34782609 0.39130435 0.52173913
 0.52173913 0.73913043 0.73913043 0.82608696 0.82608696 1.        ]","[0.         0.03030303 0.09090909 0.15151515 0.15151515 0.21212121
 0.21212121 0.36363636 0.42424242 0.45454545 0.51515152 0.54545455
 0.60606061 0.63636364 0.63636364 0.6969697  0.6969697  0.78787879
 0.78787879 0.81818182 0.81818182 0.84848485 0.87878788 0.87878788
 0.93939394 0.93939394 0.96969697 0.96969697 1.         1.        ]",0.8003952569169961,"[0.63461538 0.62745098 0.64       0.65306122 0.64583333 0.65957447
 0.67391304 0.68888889 0.70454545 0.72093023 0.71428571 0.70731707
 0.725      0.74358974 0.76315789 0.77777778 0.77142857 0.79411765
 0.81818182 0.8125     0.83870968 0.83333333 0.82758621 0.82142857
 0.85185185 0.84615385 0.84       0.875      0.86956522 0.85714286
 0.85       0.83333333 0.82352941 0.8        0.78571429 0.76923077
 0.75       0.72727273 0.7        0.77777778 0.75       0.71428571
 0.83333333 1.         1.         1.         1.         1.        ]","[1.         0.96969697 0.96969697 0.96969697 0.93939394 0.93939394
 0.93939394 0.93939394 0.93939394 0.93939394 0.90909091 0.87878788
 0.87878788 0.87878788 0.87878788 0.84848485 0.81818182 0.81818182
 0.81818182 0.78787879 0.78787879 0.75757576 0.72727273 0.6969697
 0.6969697  0.66666667 0.63636364 0.63636364 0.60606061 0.54545455
 0.51515152 0.45454545 0.42424242 0.36363636 0.33333333 0.3030303
 0.27272727 0.24242424 0.21212121 0.21212121 0.18181818 0.15151515
 0.15151515 0.15151515 0.12121212 0.09090909 0.03030303 0.        ]",0.8270092718510356
0,lr,0.6964285714285714,0.663372859025033,0.8484848484848485,0.4782608695652174,0.7,"[0.         0.         0.         0.04347826 0.04347826 0.08695652
 0.08695652 0.13043478 0.13043478 0.17391304 0.17391304 0.2173913
 0.2173913  0.26086957 0.26086957 0.34782609 0.34782609 0.43478261
 0.43478261 0.52173913 0.52173913 0.65217391 0.65217391 0.69565217
 0.69565217 0.7826087  0.7826087  1.        ]","[0.         0.03030303 0.3030303  0.3030303  0.45454545 0.45454545
 0.51515152 0.51515152 0.57575758 0.57575758 0.60606061 0.60606061
 0.6969697  0.6969697  0.75757576 0.75757576 0.78787879 0.78787879
 0.84848485 0.84848485 0.90909091 0.90909091 0.93939394 0.93939394
 0.96969697 0.96969697 1.         1.        ]",0.8063241106719368,"[0.64705882 0.64       0.65306122 0.66666667 0.65957447 0.67391304
 0.66666667 0.68181818 0.69767442 0.71428571 0.70731707 0.7
 0.71794872 0.73684211 0.72972973 0.72222222 0.74285714 0.76470588
 0.75757576 0.78125    0.80645161 0.8        0.79310345 0.82142857
 0.81481481 0.80769231 0.8        0.83333333 0.82608696 0.86363636
 0.85714286 0.85       0.89473684 0.88888889 0.88235294 0.9375
 0.93333333 0.92857143 0.92307692 0.91666667 0.90909091 1.
 1.         1.         1.         1.         1.         1.
 1.         1.         1.         1.        ]","[1.         0.96969697 0.96969697 0.96969697 0.93939394 0.93939394
 0.90909091 0.90909091 0.90909091 0.90909091 0.87878788 0.84848485
 0.84848485 0.84848485 0.81818182 0.78787879 0.78787879 0.78787879
 0.75757576 0.75757576 0.75757576 0.72727273 0.6969697  0.6969697
 0.66666667 0.63636364 0.60606061 0.60606061 0.57575758 0.57575758
 0.54545455 0.51515152 0.51515152 0.48484848 0.45454545 0.45454545
 0.42424242 0.39393939 0.36363636 0.33333333 0.3030303  0.3030303
 0.27272727 0.24242424 0.21212121 0.18181818 0.15151515 0.12121212
 0.09090909 0.06060606 0.03030303 0.        ]",0.8687209994566845
0,rf,0.7321428571428571,0.7002635046113307,0.8787878787878788,0.5217391304347826,0.725,"[0.         0.         0.08695652 0.08695652 0.17391304 0.17391304
 0.17391304 0.17391304 0.2173913  0.2173913  0.26086957 0.26086957
 0.34782609 0.34782609 0.47826087 0.47826087 0.52173913 0.52173913
 0.82608696 0.82608696 0.95652174 0.95652174 1.        ]","[0.         0.03030303 0.03030303 0.33333333 0.33333333 0.39393939
 0.45454545 0.54545455 0.54545455 0.60606061 0.60606061 0.63636364
 0.63636364 0.81818182 0.81818182 0.90909091 0.90909091 0.93939394
 0.93939394 0.96969697 0.96969697 1.         1.        ]",0.7391304347826088,"[0.6        0.59259259 0.60377358 0.61538462 0.62745098 0.62
 0.63265306 0.64583333 0.65957447 0.67391304 0.68888889 0.70454545
 0.72093023 0.71428571 0.73170732 0.725      0.71794872 0.71052632
 0.72972973 0.75       0.77142857 0.76470588 0.75757576 0.75
 0.74193548 0.73333333 0.72413793 0.75       0.77777778 0.76923077
 0.8        0.79166667 0.7826087  0.81818182 0.80952381 0.8
 0.78947368 0.76470588 0.75       0.73333333 0.78571429 0.84615385
 0.83333333 0.81818182 0.8        0.77777778 0.75       0.71428571
 0.66666667 0.6        0.5        0.33333333 0.5        1.
 1.        ]","[1.         0.96969697 0.96969697 0.96969697 0.96969697 0.93939394
 0.93939394 0.93939394 0.93939394 0.93939394 0.93939394 0.93939394
 0.93939394 0.90909091 0.90909091 0.87878788 0.84848485 0.81818182
 0.81818182 0.81818182 0.81818182 0.78787879 0.75757576 0.72727273
 0.6969697  0.66666667 0.63636364 0.63636364 0.63636364 0.60606061
 0.60606061 0.57575758 0.54545455 0.54545455 0.51515152 0.48484848
 0.45454545 0.39393939 0.36363636 0.33333333 0.33333333 0.33333333
 0.3030303  0.27272727 0.24242424 0.21212121 0.18181818 0.15151515
 0.12121212 0.09090909 0.06060606 0.03030303 0.03030303 0.03030303
 0.        ]",0.7527035986623326
0,lr,0.6964285714285714,0.663372859025033,0.8484848484848485,0.4782608695652174,0.7,"[0.         0.         0.         0.04347826 0.04347826 0.08695652
 0.08695652 0.13043478 0.13043478 0.17391304 0.17391304 0.2173913
 0.2173913  0.34782609 0.34782609 0.47826087 0.47826087 0.52173913
 0.52173913 0.60869565 0.60869565 0.69565217 0.69565217 0.82608696
 0.82608696 1.        ]","[0.         0.03030303 0.21212121 0.21212121 0.24242424 0.24242424
 0.39393939 0.39393939 0.6969697  0.6969697  0.72727273 0.72727273
 0.75757576 0.75757576 0.78787879 0.78787879 0.81818182 0.81818182
 0.90909091 0.90909091 0.93939394 0.93939394 0.96969697 0.96969697
 1.         1.        ]",0.7971014492753624,"[0.63461538 0.62745098 0.64       0.65306122 0.66666667 0.65957447
 0.67391304 0.68888889 0.68181818 0.69767442 0.71428571 0.70731707
 0.7        0.69230769 0.71052632 0.7027027  0.72222222 0.74285714
 0.76470588 0.75757576 0.78125    0.80645161 0.83333333 0.82758621
 0.85714286 0.85185185 0.88461538 0.88       0.875      0.86956522
 0.86363636 0.85714286 0.85       0.84210526 0.83333333 0.82352941
 0.8125     0.86666667 0.85714286 0.84615385 0.83333333 0.81818182
 0.8        0.88888889 0.875      1.         1.         1.
 1.         1.         1.         1.         1.        ]","[1.         0.96969697 0.96969697 0.96969697 0.96969697 0.93939394
 0.93939394 0.93939394 0.90909091 0.90909091 0.90909091 0.87878788
 0.84848485 0.81818182 0.81818182 0.78787879 0.78787879 0.78787879
 0.78787879 0.75757576 0.75757576 0.75757576 0.75757576 0.72727273
 0.72727273 0.6969697  0.6969697  0.66666667 0.63636364 0.60606061
 0.57575758 0.54545455 0.51515152 0.48484848 0.45454545 0.42424242
 0.39393939 0.39393939 0.36363636 0.33333333 0.3030303  0.27272727
 0.24242424 0.24242424 0.21212121 0.21212121 0.18181818 0.15151515
 0.12121212 0.09090909 0.06060606 0.03030303 0.        ]",0.8474781017471285
0,rf,0.7142857142857143,0.691699604743083,0.8181818181818182,0.5652173913043478,0.7297297297297297,"[0.         0.         0.04347826 0.04347826 0.08695652 0.08695652
 0.08695652 0.08695652 0.08695652 0.08695652 0.08695652 0.17391304
 0.17391304 0.2173913  0.2173913  0.26086957 0.26086957 0.30434783
 0.39130435 0.39130435 0.43478261 0.43478261 0.47826087 0.47826087
 0.52173913 0.52173913 0.56521739 0.56521739 0.60869565 0.60869565
 0.91304348 0.91304348 1.        ]","[0.         0.03030303 0.03030303 0.06060606 0.06060606 0.12121212
 0.18181818 0.27272727 0.33333333 0.48484848 0.54545455 0.54545455
 0.57575758 0.57575758 0.66666667 0.66666667 0.6969697  0.6969697
 0.6969697  0.72727273 0.72727273 0.81818182 0.81818182 0.84848485
 0.84848485 0.87878788 0.87878788 0.90909091 0.90909091 0.96969697
 0.96969697 1.         1.        ]",0.7602108036890646,"[0.61111111 0.60377358 0.61538462 0.62745098 0.64       0.65306122
 0.66666667 0.68085106 0.69565217 0.68888889 0.68181818 0.69767442
 0.69047619 0.70731707 0.7        0.71794872 0.71052632 0.72972973
 0.72222222 0.71428571 0.70588235 0.72727273 0.71875    0.76666667
 0.79310345 0.78571429 0.81481481 0.79166667 0.82608696 0.81818182
 0.85714286 0.9        0.88888889 0.88235294 0.875      0.86666667
 0.85714286 0.84615385 0.81818182 0.8        0.77777778 0.75
 0.66666667 0.6        0.5        0.66666667 0.5        1.
 1.        ]","[1.         0.96969697 0.96969697 0.96969697 0.96969697 0.96969697
 0.96969697 0.96969697 0.96969697 0.93939394 0.90909091 0.90909091
 0.87878788 0.87878788 0.84848485 0.84848485 0.81818182 0.81818182
 0.78787879 0.75757576 0.72727273 0.72727273 0.6969697  0.6969697
 0.6969697  0.66666667 0.66666667 0.57575758 0.57575758 0.54545455
 0.54545455 0.54545455 0.48484848 0.45454545 0.42424242 0.39393939
 0.36363636 0.33333333 0.27272727 0.24242424 0.21212121 0.18181818
 0.12121212 0.09090909 0.06060606 0.06060606 0.03030303 0.03030303
 0.        ]",0.7808299879353057
0,lr,0.6785714285714286,0.6416337285902504,0.8484848484848485,0.43478260869565216,0.6829268292682927,"[0.         0.         0.         0.04347826 0.04347826 0.08695652
 0.08695652 0.17391304 0.17391304 0.2173913  0.2173913  0.26086957
 0.26086957 0.56521739 0.56521739 0.69565217 0.69565217 0.7826087
 0.7826087  1.        ]","[0.         0.03030303 0.24242424 0.24242424 0.57575758 0.57575758
 0.60606061 0.60606061 0.63636364 0.63636364 0.72727273 0.72727273
 0.84848485 0.84848485 0.90909091 0.90909091 0.96969697 0.96969697
 1.         1.        ]",0.8260869565217391,"[0.64705882 0.64       0.65306122 0.66666667 0.65957447 0.65217391
 0.66666667 0.68181818 0.69767442 0.69047619 0.68292683 0.7
 0.71794872 0.73684211 0.75675676 0.77777778 0.8        0.82352941
 0.81818182 0.8125     0.80645161 0.8        0.82758621 0.82142857
 0.81481481 0.80769231 0.84       0.83333333 0.86956522 0.90909091
 0.9047619  0.95       0.94736842 0.94444444 0.94117647 0.9375
 0.93333333 0.92857143 0.92307692 0.91666667 0.90909091 0.9
 0.88888889 1.         1.         1.         1.         1.
 1.         1.         1.         1.        ]","[1.         0.96969697 0.96969697 0.96969697 0.93939394 0.90909091
 0.90909091 0.90909091 0.90909091 0.87878788 0.84848485 0.84848485
 0.84848485 0.84848485 0.84848485 0.84848485 0.84848485 0.84848485
 0.81818182 0.78787879 0.75757576 0.72727273 0.72727273 0.6969697
 0.66666667 0.63636364 0.63636364 0.60606061 0.60606061 0.60606061
 0.57575758 0.57575758 0.54545455 0.51515152 0.48484848 0.45454545
 0.42424242 0.39393939 0.36363636 0.33333333 0.3030303  0.27272727
 0.24242424 0.24242424 0.21212121 0.18181818 0.15151515 0.12121212
 0.09090909 0.06060606 0.03030303 0.        ]",0.8807958336141574
1,rf,0.875,0.85625,0.9,0.8125,0.9230769230769231,"[0.     0.     0.0625 0.0625 0.125  0.125  0.125  0.125  0.1875 0.1875
 0.25   0.25   0.25   0.875  0.875  1.    ]","[0.    0.025 0.025 0.2   0.225 0.375 0.475 0.675 0.675 0.9   0.9   0.95
 0.975 0.975 1.    1.   ]",0.84765625,"[0.74074074 0.73584906 0.75       0.76470588 0.78       0.79591837
 0.8125     0.82978723 0.84782609 0.86666667 0.88636364 0.90697674
 0.9047619  0.9        0.92307692 0.92105263 0.91891892 0.91666667
 0.91428571 0.91176471 0.90909091 0.90625    0.90322581 0.9
 0.93103448 0.92857143 0.92592593 0.92307692 0.92       0.91666667
 0.91304348 0.90909091 0.9047619  0.89473684 0.88235294 0.875
 0.86666667 0.85714286 0.84615385 0.83333333 0.81818182 0.88888889
 0.875      0.85714286 0.83333333 0.8        0.75       0.66666667
 0.5        1.         1.        ]","[1.    0.975 0.975 0.975 0.975 0.975 0.975 0.975 0.975 0.975 0.975 0.975
 0.95  0.9   0.9   0.875 0.85  0.825 0.8   0.775 0.75  0.725 0.7   0.675
 0.675 0.65  0.625 0.6   0.575 0.55  0.525 0.5   0.475 0.425 0.375 0.35
 0.325 0.3   0.275 0.25  0.225 0.2   0.175 0.15  0.125 0.1   0.075 0.05
 0.025 0.025 0.   ]",0.8824461021793766
1,lr,0.8035714285714286,0.7875,0.825,0.75,0.8918918918918919,"[0.     0.     0.     0.0625 0.0625 0.125  0.125  0.1875 0.1875 0.25
 0.25   0.3125 0.3125 0.375  0.375  0.5625 0.5625 0.75   0.75   0.8125
 0.8125 1.    ]","[0.    0.025 0.225 0.225 0.65  0.65  0.7   0.7   0.725 0.725 0.825 0.825
 0.875 0.875 0.9   0.9   0.95  0.95  0.975 0.975 1.    1.   ]",0.8453125,"[0.75471698 0.75       0.76470588 0.76       0.7755102  0.79166667
 0.80851064 0.80434783 0.8        0.81818182 0.8372093  0.85714286
 0.85365854 0.875      0.87179487 0.86842105 0.89189189 0.88888889
 0.88571429 0.88235294 0.87878788 0.90625    0.90322581 0.93333333
 0.93103448 0.92857143 0.96296296 0.96153846 0.96       0.95833333
 0.95652174 0.95454545 0.95238095 0.95       0.94736842 0.94444444
 0.94117647 0.9375     0.93333333 0.92857143 0.92307692 0.91666667
 0.90909091 0.9        1.         1.         1.         1.
 1.         1.         1.         1.         1.         1.        ]","[1.    0.975 0.975 0.95  0.95  0.95  0.95  0.925 0.9   0.9   0.9   0.9
 0.875 0.875 0.85  0.825 0.825 0.8   0.775 0.75  0.725 0.725 0.7   0.7
 0.675 0.65  0.65  0.625 0.6   0.575 0.55  0.525 0.5   0.475 0.45  0.425
 0.4   0.375 0.35  0.325 0.3   0.275 0.25  0.225 0.225 0.2   0.175 0.15
 0.125 0.1   0.075 0.05  0.025 0.   ]",0.9273299095321811
1,rf,0.8214285714285714,0.8,0.85,0.75,0.8947368421052632,"[0.     0.     0.0625 0.0625 0.0625 0.0625 0.125  0.125  0.1875 0.1875
 0.1875 0.25   0.25   0.5    0.5    0.875  0.875  1.    ]","[0.    0.025 0.025 0.075 0.15  0.425 0.425 0.575 0.575 0.625 0.75  0.75
 0.95  0.95  0.975 0.975 1.    1.   ]",0.8390624999999999,"[0.74074074 0.73584906 0.75       0.76470588 0.78       0.79591837
 0.8125     0.82978723 0.82608696 0.84444444 0.86363636 0.88372093
 0.9047619  0.90243902 0.9        0.8974359  0.89473684 0.89189189
 0.88888889 0.88571429 0.88235294 0.90909091 0.90625    0.90322581
 0.9        0.89655172 0.89285714 0.88461538 0.92       0.91666667
 0.91304348 0.90909091 0.9047619  0.9        0.89473684 0.94444444
 0.94117647 0.9375     0.93333333 0.92857143 0.92307692 0.91666667
 0.90909091 0.9        0.88888889 0.875      0.85714286 0.75
 0.66666667 0.5        1.         1.        ]","[1.    0.975 0.975 0.975 0.975 0.975 0.975 0.975 0.95  0.95  0.95  0.95
 0.95  0.925 0.9   0.875 0.85  0.825 0.8   0.775 0.75  0.75  0.725 0.7
 0.675 0.65  0.625 0.575 0.575 0.55  0.525 0.5   0.475 0.45  0.425 0.425
 0.4   0.375 0.35  0.325 0.3   0.275 0.25  0.225 0.2   0.175 0.15  0.075
 0.05  0.025 0.025 0.   ]",0.8896659174225707
1,lr,0.8392857142857143,0.83125,0.85,0.8125,0.918918918918919,"[0.     0.     0.     0.0625 0.0625 0.125  0.125  0.1875 0.1875 0.25
 0.25   0.375  0.375  0.4375 0.4375 0.6875 0.6875 1.    ]","[0.    0.025 0.175 0.175 0.725 0.725 0.75  0.75  0.85  0.85  0.875 0.875
 0.9   0.9   0.95  0.95  1.    1.   ]",0.871875,"[0.78431373 0.78       0.7755102  0.79166667 0.80851064 0.82608696
 0.84444444 0.84090909 0.8372093  0.85714286 0.85365854 0.875
 0.8974359  0.89473684 0.91891892 0.91666667 0.91428571 0.91176471
 0.90909091 0.9375     0.93548387 0.96666667 0.96551724 0.96428571
 0.96296296 0.96153846 0.96       0.95833333 0.95652174 0.95454545
 0.95238095 0.95       0.94736842 0.94444444 0.94117647 0.9375
 0.93333333 0.92857143 0.92307692 0.91666667 0.90909091 0.9
 0.88888889 0.875      1.         1.         1.         1.
 1.         1.         1.         1.        ]","[1.    0.975 0.95  0.95  0.95  0.95  0.95  0.925 0.9   0.9   0.875 0.875
 0.875 0.85  0.85  0.825 0.8   0.775 0.75  0.75  0.725 0.725 0.7   0.675
 0.65  0.625 0.6   0.575 0.55  0.525 0.5   0.475 0.45  0.425 0.4   0.375
 0.35  0.325 0.3   0.275 0.25  0.225 0.2   0.175 0.175 0.15  0.125 0.1
 0.075 0.05  0.025 0.   ]",0.9331563008278223
1,rf,0.8392857142857143,0.8125,0.875,0.75,0.8974358974358975,"[0.     0.0625 0.0625 0.0625 0.0625 0.0625 0.0625 0.0625 0.0625 0.0625
 0.0625 0.125  0.125  0.1875 0.1875 0.25   0.25   0.25   0.25   0.5625
 0.5625 0.625  0.875  0.875  1.    ]","[0.    0.    0.075 0.125 0.175 0.225 0.325 0.375 0.4   0.475 0.5   0.525
 0.7   0.725 0.75  0.75  0.775 0.825 0.95  0.95  0.975 0.975 0.975 1.
 1.   ]",0.8500000000000001,"[0.74074074 0.73584906 0.76470588 0.79591837 0.8125     0.80851064
 0.82608696 0.84444444 0.86363636 0.88372093 0.9047619  0.90243902
 0.9        0.8974359  0.89473684 0.89189189 0.88571429 0.88235294
 0.90909091 0.90625    0.93333333 0.93103448 0.92857143 0.92592593
 0.92307692 0.92       0.91666667 0.91304348 0.95238095 0.95
 0.94117647 0.9375     0.92857143 0.92307692 0.91666667 0.90909091
 0.9        0.875      0.85714286 0.83333333 0.75       0.66666667
 0.5        0.         1.        ]","[1.    0.975 0.975 0.975 0.975 0.95  0.95  0.95  0.95  0.95  0.95  0.925
 0.9   0.875 0.85  0.825 0.775 0.75  0.75  0.725 0.7   0.675 0.65  0.625
 0.6   0.575 0.55  0.525 0.5   0.475 0.4   0.375 0.325 0.3   0.275 0.25
 0.225 0.175 0.15  0.125 0.075 0.05  0.025 0.    0.   ]",0.8835136291867026
1,lr,0.8035714285714286,0.7875,0.825,0.75,0.8918918918918919,"[0.     0.     0.     0.0625 0.0625 0.125  0.125  0.1875 0.1875 0.3125
 0.3125 0.375  0.375  0.4375 0.4375 0.5    0.5    0.9375 0.9375 1.    ]","[0.    0.025 0.125 0.125 0.625 0.625 0.775 0.775 0.825 0.825 0.85  0.85
 0.9   0.9   0.95  0.95  0.975 0.975 1.    1.   ]",0.85625,"[0.72727273 0.72222222 0.73584906 0.75       0.76470588 0.78
 0.79591837 0.8125     0.82978723 0.82608696 0.84444444 0.84090909
 0.8372093  0.85714286 0.85365854 0.85       0.87179487 0.86842105
 0.89189189 0.91666667 0.91428571 0.91176471 0.93939394 0.9375
 0.93548387 0.93333333 0.93103448 0.92857143 0.92592593 0.96153846
 0.96       0.95833333 0.95652174 0.95454545 0.95238095 0.95
 0.94736842 0.94444444 0.94117647 0.9375     0.93333333 0.92857143
 0.92307692 0.91666667 0.90909091 0.9        0.88888889 0.875
 0.85714286 0.83333333 1.         1.         1.         1.
 1.         1.        ]","[1.    0.975 0.975 0.975 0.975 0.975 0.975 0.975 0.975 0.95  0.95  0.925
 0.9   0.9   0.875 0.85  0.85  0.825 0.825 0.825 0.8   0.775 0.775 0.75
 0.725 0.7   0.675 0.65  0.625 0.625 0.6   0.575 0.55  0.525 0.5   0.475
 0.45  0.425 0.4   0.375 0.35  0.325 0.3   0.275 0.25  0.225 0.2   0.175
 0.15  0.125 0.125 0.1   0.075 0.05  0.025 0.   ]",0.921421487048858
1,rf,0.8392857142857143,0.8125,0.875,0.75,0.8974358974358975,"[0.     0.     0.0625 0.0625 0.0625 0.125  0.125  0.1875 0.1875 0.1875
 0.1875 0.25   0.25   0.25   0.375  0.375  0.375  0.5    0.625  0.625
 0.6875 0.8125 0.8125 1.    ]","[0.    0.025 0.05  0.125 0.225 0.25  0.375 0.4   0.475 0.625 0.8   0.8
 0.85  0.875 0.875 0.925 0.95  0.95  0.95  0.975 0.975 0.975 1.    1.   ]",0.8085937499999999,"[0.75471698 0.75       0.78       0.79591837 0.79166667 0.82608696
 0.84444444 0.86363636 0.86046512 0.85365854 0.875      0.8974359
 0.89473684 0.88888889 0.91428571 0.91176471 0.90909091 0.90625
 0.90322581 0.9        0.89655172 0.89285714 0.88461538 0.875
 0.86363636 0.85714286 0.85       0.84210526 0.88235294 0.875
 0.86666667 0.85714286 0.84615385 0.83333333 0.9        0.875
 0.83333333 0.8        0.75       0.66666667 1.         1.        ]","[1.    0.975 0.975 0.975 0.95  0.95  0.95  0.95  0.925 0.875 0.875 0.875
 0.85  0.8   0.8   0.775 0.75  0.725 0.7   0.675 0.65  0.625 0.575 0.525
 0.475 0.45  0.425 0.4   0.375 0.35  0.325 0.3   0.275 0.25  0.225 0.175
 0.125 0.1   0.075 0.05  0.025 0.   ]",0.8660439892380951
1,lr,0.7857142857142857,0.7375,0.85,0.625,0.85,"[0.     0.     0.     0.0625 0.0625 0.125  0.125  0.1875 0.1875 0.3125
 0.3125 0.375  0.375  0.625  0.625  0.6875 0.6875 0.8125 0.8125 1.    ]","[0.    0.025 0.175 0.175 0.45  0.45  0.625 0.625 0.725 0.725 0.85  0.85
 0.925 0.925 0.95  0.95  0.975 0.975 1.    1.   ]",0.8218749999999999,"[0.75471698 0.75       0.76470588 0.78       0.7755102  0.79166667
 0.78723404 0.80434783 0.82222222 0.84090909 0.86046512 0.85714286
 0.85365854 0.85       0.87179487 0.86842105 0.86486486 0.86111111
 0.85714286 0.85294118 0.87878788 0.90625    0.90322581 0.9
 0.89655172 0.89285714 0.92592593 0.92307692 0.92       0.91666667
 0.91304348 0.90909091 0.9047619  0.9        0.94736842 0.94444444
 0.94117647 0.9375     0.93333333 0.92857143 0.92307692 0.91666667
 0.90909091 0.9        0.88888889 0.875      1.         1.
 1.         1.         1.         1.         1.         1.        ]","[1.    0.975 0.975 0.975 0.95  0.95  0.925 0.925 0.925 0.925 0.925 0.9
 0.875 0.85  0.85  0.825 0.8   0.775 0.75  0.725 0.725 0.725 0.7   0.675
 0.65  0.625 0.625 0.6   0.575 0.55  0.525 0.5   0.475 0.45  0.45  0.425
 0.4   0.375 0.35  0.325 0.3   0.275 0.25  0.225 0.2   0.175 0.175 0.15
 0.125 0.1   0.075 0.05  0.025 0.   ]",0.9102423934859382
1,rf,0.8035714285714286,0.75,0.875,0.625,0.8536585365853658,"[0.     0.     0.     0.0625 0.0625 0.0625 0.0625 0.0625 0.125  0.125
 0.1875 0.1875 0.25   0.25   0.25   0.25   0.25   0.375  0.375  0.4375
 0.4375 0.5625 0.5625 0.8125 0.875  1.    ]","[0.    0.025 0.075 0.075 0.175 0.225 0.325 0.375 0.425 0.475 0.525 0.6
 0.625 0.65  0.7   0.775 0.825 0.825 0.875 0.875 0.95  0.95  0.975 0.975
 1.    1.   ]",0.80625,"[0.74074074 0.75       0.76470588 0.78       0.79591837 0.8125
 0.80851064 0.82608696 0.84444444 0.84090909 0.8372093  0.83333333
 0.85365854 0.84615385 0.86842105 0.89189189 0.88888889 0.88571429
 0.875      0.86666667 0.86206897 0.88888889 0.875      0.9047619
 0.89473684 0.9375     0.92857143 0.92307692 0.91666667 0.90909091
 0.9        0.875      0.85714286 0.83333333 0.8        0.75
 1.         1.         1.        ]","[1.    0.975 0.975 0.975 0.975 0.975 0.95  0.95  0.95  0.925 0.9   0.875
 0.875 0.825 0.825 0.825 0.8   0.775 0.7   0.65  0.625 0.6   0.525 0.475
 0.425 0.375 0.325 0.3   0.275 0.25  0.225 0.175 0.15  0.125 0.1   0.075
 0.075 0.025 0.   ]",0.8858331549995314
1,lr,0.8035714285714286,0.76875,0.85,0.6875,0.8717948717948718,"[0.     0.     0.     0.0625 0.0625 0.125  0.125  0.3125 0.3125 0.4375
 0.4375 0.5625 0.5625 0.625  0.625  0.75   0.75   1.    ]","[0.    0.025 0.2   0.2   0.55  0.55  0.775 0.775 0.85  0.85  0.875 0.875
 0.9   0.9   0.95  0.95  1.    1.   ]",0.8328125,"[0.76923077 0.76470588 0.76       0.7755102  0.79166667 0.78723404
 0.7826087  0.8        0.79545455 0.81395349 0.83333333 0.82926829
 0.85       0.87179487 0.86842105 0.86486486 0.86111111 0.88571429
 0.91176471 0.93939394 0.9375     0.93548387 0.93333333 0.93103448
 0.92857143 0.92592593 0.92307692 0.92       0.91666667 0.95652174
 0.95454545 0.95238095 0.95       0.94736842 0.94444444 0.94117647
 0.9375     0.93333333 0.92857143 0.92307692 0.91666667 0.90909091
 0.9        0.88888889 1.         1.         1.         1.
 1.         1.         1.         1.         1.        ]","[1.    0.975 0.95  0.95  0.95  0.925 0.9   0.9   0.875 0.875 0.875 0.85
 0.85  0.85  0.825 0.8   0.775 0.775 0.775 0.775 0.75  0.725 0.7   0.675
 0.65  0.625 0.6   0.575 0.55  0.55  0.525 0.5   0.475 0.45  0.425 0.4
 0.375 0.35  0.325 0.3   0.275 0.25  0.225 0.2   0.2   0.175 0.15  0.125
 0.1   0.075 0.05  0.025 0.   ]",0.9205062032584388
2,rf,0.8214285714285714,0.8089591567852437,0.8787878787878788,0.7391304347826086,0.8285714285714286,"[0.         0.04347826 0.04347826 0.04347826 0.04347826 0.08695652
 0.08695652 0.13043478 0.13043478 0.17391304 0.17391304 0.17391304
 0.2173913  0.2173913  0.26086957 0.26086957 0.30434783 0.30434783
 0.43478261 0.52173913 0.65217391 0.65217391 0.69565217 0.69565217
 0.91304348 1.        ]","[0.         0.         0.09090909 0.18181818 0.24242424 0.27272727
 0.39393939 0.39393939 0.45454545 0.48484848 0.57575758 0.60606061
 0.60606061 0.72727273 0.78787879 0.87878788 0.87878788 0.93939394
 0.93939394 0.93939394 0.93939394 0.96969697 0.96969697 1.
 1.         1.        ]",0.8194993412384716,"[0.67346939 0.66666667 0.68085106 0.67391304 0.68888889 0.70454545
 0.72093023 0.75609756 0.775      0.79487179 0.81578947 0.81081081
 0.80555556 0.82857143 0.82352941 0.81818182 0.8125     0.82758621
 0.82142857 0.81481481 0.80769231 0.8        0.83333333 0.82608696
 0.8        0.83333333 0.82352941 0.8125     0.86666667 0.84615385
 0.81818182 0.88888889 0.85714286 0.75       0.66666667 0.5
 0.         1.        ]","[1.         0.96969697 0.96969697 0.93939394 0.93939394 0.93939394
 0.93939394 0.93939394 0.93939394 0.93939394 0.93939394 0.90909091
 0.87878788 0.87878788 0.84848485 0.81818182 0.78787879 0.72727273
 0.6969697  0.66666667 0.63636364 0.60606061 0.60606061 0.57575758
 0.48484848 0.45454545 0.42424242 0.39393939 0.39393939 0.33333333
 0.27272727 0.24242424 0.18181818 0.09090909 0.06060606 0.03030303
 0.         0.        ]",0.8068447910037139
2,lr,0.7321428571428571,0.7134387351778657,0.8181818181818182,0.6086956521739131,0.75,"[0.         0.         0.         0.04347826 0.04347826 0.08695652
 0.08695652 0.2173913  0.2173913  0.26086957 0.26086957 0.30434783
 0.30434783 0.34782609 0.34782609 0.43478261 0.43478261 0.52173913
 0.52173913 0.69565217 0.69565217 1.        ]","[0.         0.03030303 0.18181818 0.18181818 0.24242424 0.24242424
 0.3030303  0.3030303  0.39393939 0.39393939 0.48484848 0.48484848
 0.57575758 0.57575758 0.81818182 0.81818182 0.87878788 0.87878788
 0.96969697 0.96969697 1.         1.        ]",0.7417654808959158,"[0.67346939 0.66666667 0.68085106 0.69565217 0.71111111 0.72727273
 0.72093023 0.71428571 0.70731707 0.725      0.74358974 0.73684211
 0.72972973 0.75       0.77142857 0.76470588 0.75757576 0.75
 0.74193548 0.73333333 0.72413793 0.71428571 0.7037037  0.73076923
 0.72       0.70833333 0.69565217 0.72727273 0.71428571 0.7
 0.68421053 0.72222222 0.70588235 0.6875     0.66666667 0.71428571
 0.76923077 0.83333333 0.81818182 0.8        0.88888889 0.875
 0.85714286 1.         1.         1.         1.         1.
 1.         1.        ]","[1.         0.96969697 0.96969697 0.96969697 0.96969697 0.96969697
 0.93939394 0.90909091 0.87878788 0.87878788 0.87878788 0.84848485
 0.81818182 0.81818182 0.81818182 0.78787879 0.75757576 0.72727273
 0.6969697  0.66666667 0.63636364 0.60606061 0.57575758 0.57575758
 0.54545455 0.51515152 0.48484848 0.48484848 0.45454545 0.42424242
 0.39393939 0.39393939 0.36363636 0.33333333 0.3030303  0.3030303
 0.3030303  0.3030303  0.27272727 0.24242424 0.24242424 0.21212121
 0.18181818 0.18181818 0.15151515 0.12121212 0.09090909 0.06060606
 0.03030303 0.        ]",0.7910746122980241
2,rf,0.8571428571428571,0.839262187088274,0.9393939393939394,0.7391304347826086,0.8378378378378378,"[0.         0.         0.         0.         0.04347826 0.04347826
 0.13043478 0.13043478 0.17391304 0.17391304 0.17391304 0.17391304
 0.17391304 0.2173913  0.2173913  0.26086957 0.26086957 0.39130435
 0.39130435 0.47826087 0.60869565 0.65217391 0.73913043 0.7826087
 0.82608696 0.91304348 1.        ]","[0.         0.03030303 0.09090909 0.18181818 0.24242424 0.3030303
 0.33333333 0.39393939 0.42424242 0.54545455 0.60606061 0.66666667
 0.72727273 0.72727273 0.78787879 0.78787879 0.93939394 0.93939394
 0.96969697 0.96969697 0.96969697 0.96969697 0.96969697 0.96969697
 1.         1.         1.        ]",0.839262187088274,"[0.63461538 0.64       0.65306122 0.68085106 0.69565217 0.74418605
 0.76190476 0.7804878  0.775      0.79487179 0.81578947 0.83783784
 0.83333333 0.82857143 0.82352941 0.81818182 0.8125     0.83870968
 0.82758621 0.85714286 0.85185185 0.84615385 0.83333333 0.82608696
 0.81818182 0.8        0.77777778 0.8125     0.78571429 0.90909091
 0.88888889 1.         1.         1.         1.        ]","[1.         0.96969697 0.96969697 0.96969697 0.96969697 0.96969697
 0.96969697 0.96969697 0.93939394 0.93939394 0.93939394 0.93939394
 0.90909091 0.87878788 0.84848485 0.81818182 0.78787879 0.78787879
 0.72727273 0.72727273 0.6969697  0.66666667 0.60606061 0.57575758
 0.54545455 0.48484848 0.42424242 0.39393939 0.33333333 0.3030303
 0.24242424 0.18181818 0.09090909 0.03030303 0.        ]",0.858045889727092
2,lr,0.7678571428571429,0.7503293807641633,0.8484848484848485,0.6521739130434783,0.7777777777777778,"[0.         0.         0.         0.04347826 0.04347826 0.08695652
 0.08695652 0.13043478 0.13043478 0.17391304 0.17391304 0.2173913
 0.2173913  0.26086957 0.26086957 0.30434783 0.30434783 0.34782609
 0.34782609 0.43478261 0.43478261 0.73913043 0.73913043 0.86956522
 0.86956522 1.        ]","[0.         0.03030303 0.12121212 0.12121212 0.15151515 0.15151515
 0.18181818 0.18181818 0.21212121 0.21212121 0.36363636 0.36363636
 0.63636364 0.63636364 0.81818182 0.81818182 0.84848485 0.84848485
 0.87878788 0.87878788 0.93939394 0.93939394 0.96969697 0.96969697
 1.         1.        ]",0.764163372859025,"[0.62264151 0.61538462 0.62745098 0.64       0.65306122 0.64583333
 0.65957447 0.67391304 0.68888889 0.70454545 0.72093023 0.73809524
 0.75609756 0.75       0.74358974 0.76315789 0.78378378 0.77777778
 0.8        0.79411765 0.81818182 0.8125     0.80645161 0.8
 0.79310345 0.78571429 0.77777778 0.80769231 0.8        0.79166667
 0.7826087  0.77272727 0.76190476 0.75       0.73684211 0.72222222
 0.70588235 0.75       0.73333333 0.71428571 0.69230769 0.66666667
 0.63636364 0.7        0.66666667 0.75       0.71428571 0.83333333
 0.8        1.         1.         1.         1.         1.        ]","[1.         0.96969697 0.96969697 0.96969697 0.96969697 0.93939394
 0.93939394 0.93939394 0.93939394 0.93939394 0.93939394 0.93939394
 0.93939394 0.90909091 0.87878788 0.87878788 0.87878788 0.84848485
 0.84848485 0.81818182 0.81818182 0.78787879 0.75757576 0.72727273
 0.6969697  0.66666667 0.63636364 0.63636364 0.60606061 0.57575758
 0.54545455 0.51515152 0.48484848 0.45454545 0.42424242 0.39393939
 0.36363636 0.36363636 0.33333333 0.3030303  0.27272727 0.24242424
 0.21212121 0.21212121 0.18181818 0.18181818 0.15151515 0.15151515
 0.12121212 0.12121212 0.09090909 0.06060606 0.03030303 0.        ]",0.7862765459337467
2,rf,0.7857142857142857,0.772068511198946,0.8484848484848485,0.6956521739130435,0.8,"[0.         0.04347826 0.04347826 0.04347826 0.04347826 0.17391304
 0.17391304 0.2173913  0.2173913  0.2173913  0.2173913  0.26086957
 0.26086957 0.30434783 0.30434783 0.34782609 0.34782609 0.56521739
 0.56521739 0.60869565 0.60869565 0.86956522 0.95652174 1.        ]","[0.         0.03030303 0.15151515 0.27272727 0.33333333 0.42424242
 0.54545455 0.54545455 0.57575758 0.63636364 0.75757576 0.75757576
 0.81818182 0.81818182 0.84848485 0.84848485 0.87878788 0.87878788
 0.93939394 0.93939394 0.96969697 0.96969697 1.         1.        ]",0.7931488801054019,"[0.6        0.61538462 0.62745098 0.64       0.65306122 0.66666667
 0.68085106 0.69565217 0.68888889 0.70454545 0.69767442 0.69047619
 0.70731707 0.725      0.74358974 0.76315789 0.78378378 0.77777778
 0.8        0.79411765 0.81818182 0.8125     0.80645161 0.83333333
 0.82758621 0.82142857 0.81481481 0.80769231 0.79166667 0.7826087
 0.81818182 0.80952381 0.8        0.78947368 0.77777778 0.8125
 0.85714286 0.91666667 0.9        0.83333333 0.75       0.5
 1.        ]","[1.         0.96969697 0.96969697 0.96969697 0.96969697 0.96969697
 0.96969697 0.96969697 0.93939394 0.93939394 0.90909091 0.87878788
 0.87878788 0.87878788 0.87878788 0.87878788 0.87878788 0.84848485
 0.84848485 0.81818182 0.81818182 0.78787879 0.75757576 0.75757576
 0.72727273 0.6969697  0.66666667 0.63636364 0.57575758 0.54545455
 0.54545455 0.51515152 0.48484848 0.45454545 0.42424242 0.39393939
 0.36363636 0.33333333 0.27272727 0.15151515 0.09090909 0.03030303
 0.        ]",0.7994288425572755
2,lr,0.7678571428571429,0.7569169960474309,0.8181818181818182,0.6956521739130435,0.7941176470588235,"[0.         0.         0.         0.04347826 0.04347826 0.08695652
 0.08695652 0.13043478 0.13043478 0.17391304 0.17391304 0.26086957
 0.26086957 0.30434783 0.30434783 0.43478261 0.43478261 0.47826087
 0.47826087 0.60869565 0.60869565 1.        ]","[0.         0.03030303 0.18181818 0.18181818 0.21212121 0.21212121
 0.39393939 0.39393939 0.57575758 0.57575758 0.72727273 0.72727273
 0.75757576 0.75757576 0.87878788 0.87878788 0.90909091 0.90909091
 0.93939394 0.93939394 1.         1.        ]",0.8234519104084321,"[0.70212766 0.69565217 0.68888889 0.70454545 0.72093023 0.73809524
 0.73170732 0.75       0.74358974 0.76315789 0.78378378 0.80555556
 0.8        0.79411765 0.78787879 0.78125    0.80645161 0.8
 0.82758621 0.85714286 0.85185185 0.84615385 0.84       0.83333333
 0.82608696 0.86363636 0.85714286 0.85       0.84210526 0.83333333
 0.82352941 0.8125     0.86666667 0.85714286 0.84615385 0.83333333
 0.81818182 0.8        0.77777778 0.875      0.85714286 1.
 1.         1.         1.         1.         1.         1.        ]","[1.         0.96969697 0.93939394 0.93939394 0.93939394 0.93939394
 0.90909091 0.90909091 0.87878788 0.87878788 0.87878788 0.87878788
 0.84848485 0.81818182 0.78787879 0.75757576 0.75757576 0.72727273
 0.72727273 0.72727273 0.6969697  0.66666667 0.63636364 0.60606061
 0.57575758 0.57575758 0.54545455 0.51515152 0.48484848 0.45454545
 0.42424242 0.39393939 0.39393939 0.36363636 0.33333333 0.3030303
 0.27272727 0.24242424 0.21212121 0.21212121 0.18181818 0.18181818
 0.15151515 0.12121212 0.09090909 0.06060606 0.03030303 0.        ]",0.8507450398174152
2,rf,0.8392857142857143,0.8175230566534915,0.9393939393939394,0.6956521739130435,0.8157894736842105,"[0.         0.         0.         0.08695652 0.08695652 0.08695652
 0.08695652 0.08695652 0.08695652 0.08695652 0.13043478 0.13043478
 0.17391304 0.17391304 0.2173913  0.26086957 0.26086957 0.30434783
 0.34782609 0.39130435 0.56521739 0.65217391 0.82608696 0.82608696
 0.91304348 1.        ]","[0.         0.03030303 0.06060606 0.06060606 0.18181818 0.21212121
 0.3030303  0.42424242 0.54545455 0.57575758 0.57575758 0.66666667
 0.66666667 0.75757576 0.78787879 0.78787879 0.90909091 0.93939394
 0.93939394 0.96969697 0.96969697 0.96969697 0.96969697 1.
 1.         1.        ]",0.8451910408432147,"[0.63461538 0.62745098 0.64       0.65306122 0.66666667 0.68085106
 0.71111111 0.72727273 0.74418605 0.76190476 0.7804878  0.79487179
 0.81578947 0.83333333 0.82857143 0.82352941 0.81818182 0.8125
 0.83870968 0.86206897 0.85714286 0.85185185 0.84615385 0.88
 0.875      0.86956522 0.86363636 0.9047619  0.9        0.88888889
 0.875      0.83333333 0.77777778 0.75       0.66666667 0.5
 1.         1.         1.        ]","[1.         0.96969697 0.96969697 0.96969697 0.96969697 0.96969697
 0.96969697 0.96969697 0.96969697 0.96969697 0.96969697 0.93939394
 0.93939394 0.90909091 0.87878788 0.84848485 0.81818182 0.78787879
 0.78787879 0.75757576 0.72727273 0.6969697  0.66666667 0.66666667
 0.63636364 0.60606061 0.57575758 0.57575758 0.54545455 0.48484848
 0.42424242 0.3030303  0.21212121 0.18181818 0.12121212 0.06060606
 0.06060606 0.03030303 0.        ]",0.8382575156970403
2,lr,0.7321428571428571,0.7200263504611331,0.7878787878787878,0.6521739130434783,0.7647058823529411,"[0.         0.         0.         0.08695652 0.08695652 0.13043478
 0.13043478 0.17391304 0.17391304 0.2173913  0.2173913  0.30434783
 0.30434783 0.34782609 0.34782609 0.47826087 0.47826087 0.56521739
 0.56521739 0.69565217 0.69565217 0.73913043 0.73913043 1.        ]","[0.         0.03030303 0.12121212 0.12121212 0.18181818 0.18181818
 0.3030303  0.3030303  0.51515152 0.51515152 0.75757576 0.75757576
 0.78787879 0.78787879 0.87878788 0.87878788 0.90909091 0.90909091
 0.93939394 0.93939394 0.96969697 0.96969697 1.         1.        ]",0.7733860342555995,"[0.66       0.65306122 0.66666667 0.65957447 0.67391304 0.68888889
 0.70454545 0.69767442 0.71428571 0.73170732 0.725      0.74358974
 0.76315789 0.78378378 0.77777778 0.77142857 0.76470588 0.78787879
 0.78125    0.80645161 0.83333333 0.82758621 0.82142857 0.81481481
 0.80769231 0.8        0.79166667 0.7826087  0.77272727 0.80952381
 0.8        0.78947368 0.77777778 0.76470588 0.75       0.73333333
 0.71428571 0.76923077 0.75       0.72727273 0.7        0.66666667
 0.75       0.71428571 0.66666667 0.8        1.         1.
 1.         1.         1.        ]","[1.         0.96969697 0.96969697 0.93939394 0.93939394 0.93939394
 0.93939394 0.90909091 0.90909091 0.90909091 0.87878788 0.87878788
 0.87878788 0.87878788 0.84848485 0.81818182 0.78787879 0.78787879
 0.75757576 0.75757576 0.75757576 0.72727273 0.6969697  0.66666667
 0.63636364 0.60606061 0.57575758 0.54545455 0.51515152 0.51515152
 0.48484848 0.45454545 0.42424242 0.39393939 0.36363636 0.33333333
 0.3030303  0.3030303  0.27272727 0.24242424 0.21212121 0.18181818
 0.18181818 0.15151515 0.12121212 0.12121212 0.12121212 0.09090909
 0.06060606 0.03030303 0.        ]",0.7938946258674615
2,rf,0.8035714285714286,0.7872200263504612,0.8787878787878788,0.6956521739130435,0.8055555555555556,"[0.         0.         0.04347826 0.04347826 0.04347826 0.04347826
 0.04347826 0.08695652 0.08695652 0.17391304 0.17391304 0.2173913
 0.2173913  0.26086957 0.26086957 0.26086957 0.26086957 0.34782609
 0.34782609 0.65217391 0.65217391 0.69565217 0.73913043 1.        ]","[0.         0.03030303 0.06060606 0.12121212 0.27272727 0.3030303
 0.36363636 0.39393939 0.48484848 0.48484848 0.57575758 0.57575758
 0.60606061 0.60606061 0.66666667 0.72727273 0.87878788 0.87878788
 0.90909091 0.90909091 0.96969697 0.96969697 1.         1.        ]",0.810935441370224,"[0.66       0.66666667 0.68085106 0.67391304 0.66666667 0.68181818
 0.69767442 0.71428571 0.73170732 0.75       0.76923077 0.78947368
 0.78378378 0.80555556 0.82857143 0.82352941 0.81818182 0.8125
 0.80645161 0.8        0.78571429 0.77777778 0.76923077 0.8
 0.79166667 0.82608696 0.81818182 0.80952381 0.8        0.84210526
 0.88888889 0.86666667 0.92307692 0.90909091 0.9        0.8
 0.66666667 1.         1.        ]","[1.         0.96969697 0.96969697 0.93939394 0.90909091 0.90909091
 0.90909091 0.90909091 0.90909091 0.90909091 0.90909091 0.90909091
 0.87878788 0.87878788 0.87878788 0.84848485 0.81818182 0.78787879
 0.75757576 0.72727273 0.66666667 0.63636364 0.60606061 0.60606061
 0.57575758 0.57575758 0.54545455 0.51515152 0.48484848 0.48484848
 0.48484848 0.39393939 0.36363636 0.3030303  0.27272727 0.12121212
 0.06060606 0.03030303 0.        ]",0.8292727716940588
2,lr,0.6964285714285714,0.6831357048748353,0.7575757575757576,0.6086956521739131,0.7352941176470589,"[0.         0.         0.         0.08695652 0.08695652 0.17391304
 0.17391304 0.2173913  0.2173913  0.30434783 0.30434783 0.39130435
 0.39130435 0.43478261 0.43478261 0.47826087 0.47826087 0.52173913
 0.52173913 0.56521739 0.56521739 0.73913043 0.73913043 1.        ]","[0.         0.03030303 0.27272727 0.27272727 0.3030303  0.3030303
 0.39393939 0.39393939 0.51515152 0.51515152 0.75757576 0.75757576
 0.78787879 0.78787879 0.81818182 0.81818182 0.90909091 0.90909091
 0.93939394 0.93939394 0.96969697 0.96969697 1.         1.        ]",0.7575757575757576,"[0.66       0.65306122 0.66666667 0.68085106 0.69565217 0.71111111
 0.70454545 0.72093023 0.71428571 0.73170732 0.725      0.71794872
 0.71052632 0.72972973 0.72222222 0.74285714 0.73529412 0.75757576
 0.78125    0.77419355 0.76666667 0.75862069 0.75       0.74074074
 0.73076923 0.72       0.70833333 0.73913043 0.77272727 0.76190476
 0.75       0.73684211 0.72222222 0.76470588 0.75       0.73333333
 0.71428571 0.76923077 0.83333333 0.81818182 0.9        1.
 1.         1.         1.         1.         1.         1.
 1.         1.         1.        ]","[1.         0.96969697 0.96969697 0.96969697 0.96969697 0.96969697
 0.93939394 0.93939394 0.90909091 0.90909091 0.87878788 0.84848485
 0.81818182 0.81818182 0.78787879 0.78787879 0.75757576 0.75757576
 0.75757576 0.72727273 0.6969697  0.66666667 0.63636364 0.60606061
 0.57575758 0.54545455 0.51515152 0.51515152 0.51515152 0.48484848
 0.45454545 0.42424242 0.39393939 0.39393939 0.36363636 0.33333333
 0.3030303  0.3030303  0.3030303  0.27272727 0.27272727 0.27272727
 0.24242424 0.21212121 0.18181818 0.15151515 0.12121212 0.09090909
 0.06060606 0.03030303 0.        ]",0.8140718732245975
3,rf,0.75,0.7142857142857142,0.8571428571428571,0.5714285714285714,0.7692307692307693,"[0.         0.         0.         0.         0.04761905 0.04761905
 0.33333333 0.33333333 0.38095238 0.38095238 0.42857143 0.42857143
 0.47619048 0.47619048 0.52380952 0.52380952 0.61904762 0.61904762
 0.85714286 0.85714286 1.        ]","[0.         0.02857143 0.11428571 0.17142857 0.17142857 0.68571429
 0.68571429 0.74285714 0.74285714 0.82857143 0.82857143 0.85714286
 0.85714286 0.88571429 0.88571429 0.94285714 0.94285714 0.97142857
 0.97142857 1.         1.        ]",0.8258503401360544,"[0.66037736 0.65384615 0.66666667 0.68       0.69387755 0.70833333
 0.72340426 0.7173913  0.75       0.74418605 0.73809524 0.75609756
 0.75       0.76923077 0.76315789 0.78378378 0.77777778 0.77142857
 0.76470588 0.78787879 0.78125    0.77419355 0.8        0.82758621
 0.85714286 0.88888889 0.92307692 0.96       0.95833333 0.95652174
 0.95454545 0.95238095 0.95       0.94736842 0.94444444 0.94117647
 0.9375     0.93333333 0.92857143 0.92307692 0.91666667 0.90909091
 0.9        0.88888889 0.875      0.85714286 1.         1.
 1.         1.         1.         1.        ]","[1.         0.97142857 0.97142857 0.97142857 0.97142857 0.97142857
 0.97142857 0.94285714 0.94285714 0.91428571 0.88571429 0.88571429
 0.85714286 0.85714286 0.82857143 0.82857143 0.8        0.77142857
 0.74285714 0.74285714 0.71428571 0.68571429 0.68571429 0.68571429
 0.68571429 0.68571429 0.68571429 0.68571429 0.65714286 0.62857143
 0.6        0.57142857 0.54285714 0.51428571 0.48571429 0.45714286
 0.42857143 0.4        0.37142857 0.34285714 0.31428571 0.28571429
 0.25714286 0.22857143 0.2        0.17142857 0.17142857 0.11428571
 0.08571429 0.05714286 0.02857143 0.        ]",0.8880661107571509
3,lr,0.7142857142857143,0.6952380952380952,0.7714285714285715,0.6190476190476191,0.7714285714285715,"[0.         0.04761905 0.04761905 0.0952381  0.0952381  0.14285714
 0.14285714 0.19047619 0.19047619 0.23809524 0.23809524 0.38095238
 0.38095238 0.42857143 0.42857143 0.47619048 0.47619048 0.66666667
 0.66666667 0.85714286 0.85714286 1.        ]","[0.         0.         0.25714286 0.25714286 0.37142857 0.37142857
 0.54285714 0.54285714 0.6        0.6        0.77142857 0.77142857
 0.85714286 0.85714286 0.88571429 0.88571429 0.91428571 0.91428571
 0.94285714 0.94285714 1.         1.        ]",0.7741496598639456,"[0.66037736 0.65384615 0.64705882 0.66       0.67346939 0.6875
 0.70212766 0.69565217 0.71111111 0.72727273 0.74418605 0.76190476
 0.75609756 0.775      0.76923077 0.78947368 0.78378378 0.77777778
 0.77142857 0.79411765 0.81818182 0.84375    0.83870968 0.83333333
 0.82758621 0.82142857 0.81481481 0.80769231 0.84       0.83333333
 0.82608696 0.86363636 0.85714286 0.85       0.84210526 0.83333333
 0.82352941 0.8125     0.86666667 0.85714286 0.84615385 0.83333333
 0.81818182 0.9        0.88888889 0.875      0.85714286 0.83333333
 0.8        0.75       0.66666667 0.5        0.         1.        ]","[1.         0.97142857 0.94285714 0.94285714 0.94285714 0.94285714
 0.94285714 0.91428571 0.91428571 0.91428571 0.91428571 0.91428571
 0.88571429 0.88571429 0.85714286 0.85714286 0.82857143 0.8
 0.77142857 0.77142857 0.77142857 0.77142857 0.74285714 0.71428571
 0.68571429 0.65714286 0.62857143 0.6        0.6        0.57142857
 0.54285714 0.54285714 0.51428571 0.48571429 0.45714286 0.42857143
 0.4        0.37142857 0.37142857 0.34285714 0.31428571 0.28571429
 0.25714286 0.25714286 0.22857143 0.2        0.17142857 0.14285714
 0.11428571 0.08571429 0.05714286 0.02857143 0.         0.        ]",0.8028949370050744
3,rf,0.6964285714285714,0.7,0.6857142857142857,0.7142857142857143,0.8,"[0.         0.         0.04761905 0.14285714 0.14285714 0.28571429
 0.38095238 0.61904762 0.76190476 0.76190476 0.85714286 1.        ]","[0.         0.25714286 0.34285714 0.45714286 0.54285714 0.68571429
 0.85714286 0.88571429 0.91428571 0.97142857 0.97142857 1.        ]",0.7829931972789116,"[0.625      0.65384615 0.68       0.66666667 0.70454545 0.78947368
 0.8        0.86363636 0.84210526 0.92307692 1.         1.        ]","[1.         0.97142857 0.97142857 0.91428571 0.88571429 0.85714286
 0.68571429 0.54285714 0.45714286 0.34285714 0.25714286 0.        ]",0.8520461468356205
3,lr,0.75,0.7333333333333334,0.8,0.6666666666666666,0.8,"[0.         0.04761905 0.04761905 0.0952381  0.0952381  0.14285714
 0.14285714 0.19047619 0.19047619 0.23809524 0.23809524 0.28571429
 0.28571429 0.57142857 0.57142857 0.66666667 0.66666667 0.95238095
 0.95238095 1.        ]","[0.         0.         0.51428571 0.51428571 0.6        0.6
 0.65714286 0.65714286 0.71428571 0.71428571 0.77142857 0.77142857
 0.8        0.8        0.91428571 0.91428571 0.94285714 0.94285714
 1.         1.        ]",0.7877551020408162,"[0.63636364 0.62962963 0.62264151 0.63461538 0.64705882 0.66
 0.67346939 0.6875     0.70212766 0.69565217 0.71111111 0.72727273
 0.72093023 0.71428571 0.70731707 0.7        0.71794872 0.73684211
 0.75675676 0.77777778 0.8        0.82352941 0.81818182 0.84375
 0.83870968 0.83333333 0.86206897 0.85714286 0.85185185 0.88461538
 0.88       0.875      0.91304348 0.90909091 0.9047619  0.9
 0.94736842 0.94444444 0.94117647 0.9375     0.93333333 0.92857143
 0.92307692 0.91666667 0.90909091 0.9        0.88888889 0.875
 0.85714286 0.83333333 0.8        0.75       0.66666667 0.5
 0.         1.        ]","[1.         0.97142857 0.94285714 0.94285714 0.94285714 0.94285714
 0.94285714 0.94285714 0.94285714 0.91428571 0.91428571 0.91428571
 0.88571429 0.85714286 0.82857143 0.8        0.8        0.8
 0.8        0.8        0.8        0.8        0.77142857 0.77142857
 0.74285714 0.71428571 0.71428571 0.68571429 0.65714286 0.65714286
 0.62857143 0.6        0.6        0.57142857 0.54285714 0.51428571
 0.51428571 0.48571429 0.45714286 0.42857143 0.4        0.37142857
 0.34285714 0.31428571 0.28571429 0.25714286 0.22857143 0.2
 0.17142857 0.14285714 0.11428571 0.08571429 0.05714286 0.02857143
 0.         0.        ]",0.8287685601224168
3,rf,0.7678571428571429,0.7380952380952381,0.8571428571428571,0.6190476190476191,0.7894736842105263,"[0.         0.         0.         0.         0.         0.04761905
 0.04761905 0.04761905 0.04761905 0.04761905 0.04761905 0.0952381
 0.0952381  0.14285714 0.14285714 0.19047619 0.19047619 0.28571429
 0.33333333 0.33333333 0.38095238 0.38095238 0.47619048 0.52380952
 0.52380952 0.61904762 0.66666667 0.80952381 0.80952381 0.85714286
 1.        ]","[0.         0.02857143 0.05714286 0.11428571 0.25714286 0.25714286
 0.31428571 0.4        0.51428571 0.57142857 0.62857143 0.65714286
 0.68571429 0.68571429 0.71428571 0.71428571 0.74285714 0.74285714
 0.74285714 0.85714286 0.85714286 0.88571429 0.88571429 0.88571429
 0.94285714 0.94285714 0.97142857 0.97142857 1.         1.
 1.        ]",0.8476190476190475,"[0.67307692 0.66666667 0.68       0.69387755 0.70833333 0.7173913
 0.73333333 0.75       0.74418605 0.73809524 0.75609756 0.79487179
 0.78947368 0.81081081 0.80555556 0.8        0.79411765 0.78787879
 0.8125     0.86666667 0.86206897 0.89285714 0.88888889 0.92307692
 0.92       0.95652174 0.95238095 0.95       0.94736842 0.94117647
 0.93333333 0.91666667 0.90909091 0.9        1.         1.
 1.         1.         1.         1.         1.         1.
 1.        ]","[1.         0.97142857 0.97142857 0.97142857 0.97142857 0.94285714
 0.94285714 0.94285714 0.91428571 0.88571429 0.88571429 0.88571429
 0.85714286 0.85714286 0.82857143 0.8        0.77142857 0.74285714
 0.74285714 0.74285714 0.71428571 0.71428571 0.68571429 0.68571429
 0.65714286 0.62857143 0.57142857 0.54285714 0.51428571 0.45714286
 0.4        0.31428571 0.28571429 0.25714286 0.25714286 0.22857143
 0.2        0.17142857 0.14285714 0.11428571 0.05714286 0.02857143
 0.        ]",0.905766418100021
3,lr,0.6428571428571429,0.6190476190476191,0.7142857142857143,0.5238095238095238,0.7142857142857143,"[0.         0.04761905 0.04761905 0.0952381  0.0952381  0.14285714
 0.14285714 0.19047619 0.19047619 0.23809524 0.23809524 0.38095238
 0.38095238 0.47619048 0.47619048 0.57142857 0.57142857 0.66666667
 0.66666667 0.76190476 0.76190476 0.85714286 0.85714286 1.        ]","[0.         0.         0.22857143 0.22857143 0.25714286 0.25714286
 0.45714286 0.45714286 0.54285714 0.54285714 0.6        0.6
 0.71428571 0.71428571 0.77142857 0.77142857 0.8        0.8
 0.85714286 0.85714286 0.91428571 0.91428571 1.         1.        ]",0.6857142857142857,"[0.66037736 0.65384615 0.64705882 0.64       0.65306122 0.66666667
 0.65957447 0.65217391 0.66666667 0.68181818 0.6744186  0.66666667
 0.68292683 0.7        0.69230769 0.71052632 0.72972973 0.72222222
 0.71428571 0.73529412 0.75757576 0.75       0.74193548 0.73333333
 0.72413793 0.75       0.77777778 0.80769231 0.8        0.79166667
 0.82608696 0.81818182 0.80952381 0.8        0.84210526 0.83333333
 0.82352941 0.8125     0.8        0.78571429 0.76923077 0.75
 0.81818182 0.8        0.88888889 0.875      0.85714286 0.83333333
 0.8        0.75       0.66666667 0.5        0.         1.        ]","[1.         0.97142857 0.94285714 0.91428571 0.91428571 0.91428571
 0.88571429 0.85714286 0.85714286 0.85714286 0.82857143 0.8
 0.8        0.8        0.77142857 0.77142857 0.77142857 0.74285714
 0.71428571 0.71428571 0.71428571 0.68571429 0.65714286 0.62857143
 0.6        0.6        0.6        0.6        0.57142857 0.54285714
 0.54285714 0.51428571 0.48571429 0.45714286 0.45714286 0.42857143
 0.4        0.37142857 0.34285714 0.31428571 0.28571429 0.25714286
 0.25714286 0.22857143 0.22857143 0.2        0.17142857 0.14285714
 0.11428571 0.08571429 0.05714286 0.02857143 0.         0.        ]",0.7570190943758139
3,rf,0.7857142857142857,0.7619047619047619,0.8571428571428571,0.6666666666666666,0.8108108108108109,"[0.         0.         0.         0.         0.         0.
 0.04761905 0.04761905 0.0952381  0.14285714 0.14285714 0.14285714
 0.14285714 0.14285714 0.19047619 0.23809524 0.23809524 0.23809524
 0.28571429 0.33333333 0.33333333 0.47619048 0.57142857 0.57142857
 0.61904762 0.61904762 0.80952381 0.80952381 0.95238095 0.95238095
 1.        ]","[0.         0.02857143 0.08571429 0.17142857 0.22857143 0.28571429
 0.31428571 0.34285714 0.34285714 0.37142857 0.4        0.45714286
 0.54285714 0.65714286 0.68571429 0.68571429 0.74285714 0.82857143
 0.82857143 0.85714286 0.88571429 0.88571429 0.88571429 0.91428571
 0.91428571 0.94285714 0.94285714 0.97142857 0.97142857 1.
 1.        ]",0.8122448979591836,"[0.63636364 0.62962963 0.64150943 0.65384615 0.66666667 0.66
 0.67346939 0.6875     0.70212766 0.7173913  0.71111111 0.72727273
 0.72093023 0.73809524 0.75609756 0.81578947 0.81081081 0.82857143
 0.85294118 0.84848485 0.84375    0.83870968 0.82758621 0.85714286
 0.88461538 0.875      0.86363636 0.85714286 0.85       0.84210526
 0.82352941 0.8125     0.85714286 0.92307692 0.91666667 1.
 1.         1.         1.         1.         1.         1.
 1.         1.        ]","[1.         0.97142857 0.97142857 0.97142857 0.97142857 0.94285714
 0.94285714 0.94285714 0.94285714 0.94285714 0.91428571 0.91428571
 0.88571429 0.88571429 0.88571429 0.88571429 0.85714286 0.82857143
 0.82857143 0.8        0.77142857 0.74285714 0.68571429 0.68571429
 0.65714286 0.6        0.54285714 0.51428571 0.48571429 0.45714286
 0.4        0.37142857 0.34285714 0.34285714 0.31428571 0.28571429
 0.25714286 0.22857143 0.17142857 0.14285714 0.11428571 0.08571429
 0.02857143 0.        ]",0.8772578963976274
3,lr,0.75,0.7333333333333334,0.8,0.6666666666666666,0.8,"[0.         0.04761905 0.04761905 0.0952381  0.0952381  0.19047619
 0.19047619 0.23809524 0.23809524 0.28571429 0.28571429 0.33333333
 0.33333333 0.42857143 0.42857143 0.47619048 0.47619048 0.71428571
 0.71428571 0.76190476 0.76190476 0.9047619  0.9047619  1.        ]","[0.         0.         0.4        0.4        0.6        0.6
 0.62857143 0.62857143 0.68571429 0.68571429 0.71428571 0.71428571
 0.82857143 0.82857143 0.85714286 0.85714286 0.88571429 0.88571429
 0.91428571 0.91428571 0.94285714 0.94285714 1.         1.        ]",0.7768707482993197,"[0.64814815 0.64150943 0.63461538 0.64705882 0.66       0.67346939
 0.66666667 0.68085106 0.67391304 0.68888889 0.70454545 0.72093023
 0.73809524 0.75609756 0.75       0.76923077 0.76315789 0.78378378
 0.80555556 0.8        0.79411765 0.78787879 0.78125    0.80645161
 0.8        0.82758621 0.82142857 0.81481481 0.84615385 0.84
 0.875      0.91304348 0.90909091 0.9047619  0.9        0.89473684
 0.88888889 0.88235294 0.875      0.93333333 0.92857143 0.92307692
 0.91666667 0.90909091 0.9        0.88888889 0.875      0.85714286
 0.83333333 0.8        0.75       0.66666667 0.5        0.
 1.        ]","[1.         0.97142857 0.94285714 0.94285714 0.94285714 0.94285714
 0.91428571 0.91428571 0.88571429 0.88571429 0.88571429 0.88571429
 0.88571429 0.88571429 0.85714286 0.85714286 0.82857143 0.82857143
 0.82857143 0.8        0.77142857 0.74285714 0.71428571 0.71428571
 0.68571429 0.68571429 0.65714286 0.62857143 0.62857143 0.6
 0.6        0.6        0.57142857 0.54285714 0.51428571 0.48571429
 0.45714286 0.42857143 0.4        0.4        0.37142857 0.34285714
 0.31428571 0.28571429 0.25714286 0.22857143 0.2        0.17142857
 0.14285714 0.11428571 0.08571429 0.05714286 0.02857143 0.
 0.        ]",0.8180892732237817
3,rf,0.7678571428571429,0.7285714285714285,0.8857142857142857,0.5714285714285714,0.775,"[0.         0.         0.         0.04761905 0.04761905 0.0952381
 0.0952381  0.0952381  0.14285714 0.14285714 0.19047619 0.19047619
 0.23809524 0.23809524 0.28571429 0.28571429 0.28571429 0.42857143
 0.42857143 0.52380952 0.52380952 0.61904762 0.61904762 0.85714286
 0.85714286 1.        ]","[0.         0.02857143 0.14285714 0.17142857 0.31428571 0.31428571
 0.4        0.45714286 0.48571429 0.54285714 0.54285714 0.6
 0.6        0.62857143 0.62857143 0.68571429 0.82857143 0.82857143
 0.88571429 0.88571429 0.91428571 0.91428571 0.97142857 0.97142857
 1.         1.        ]",0.7931972789115646,"[0.66037736 0.65384615 0.66666667 0.68       0.69387755 0.70833333
 0.72340426 0.7173913  0.71111111 0.72727273 0.74418605 0.73809524
 0.75609756 0.775      0.76315789 0.78378378 0.80555556 0.82857143
 0.82352941 0.81818182 0.8125     0.80645161 0.8        0.78571429
 0.81481481 0.80769231 0.84       0.83333333 0.82608696 0.86363636
 0.85       0.88888889 0.875      0.86666667 0.85714286 0.84615385
 0.91666667 0.90909091 0.9        0.88888889 0.875      0.85714286
 1.         1.         1.         1.         1.         1.        ]","[1.         0.97142857 0.97142857 0.97142857 0.97142857 0.97142857
 0.97142857 0.94285714 0.91428571 0.91428571 0.91428571 0.88571429
 0.88571429 0.88571429 0.82857143 0.82857143 0.82857143 0.82857143
 0.8        0.77142857 0.74285714 0.71428571 0.68571429 0.62857143
 0.62857143 0.6        0.6        0.57142857 0.54285714 0.54285714
 0.48571429 0.45714286 0.4        0.37142857 0.34285714 0.31428571
 0.31428571 0.28571429 0.25714286 0.22857143 0.2        0.17142857
 0.14285714 0.11428571 0.08571429 0.05714286 0.02857143 0.        ]",0.8535254495682242
3,lr,0.625,0.6047619047619048,0.6857142857142857,0.5238095238095238,0.7058823529411765,"[0.         0.04761905 0.04761905 0.14285714 0.14285714 0.28571429
 0.28571429 0.33333333 0.33333333 0.61904762 0.61904762 0.66666667
 0.66666667 0.71428571 0.71428571 0.80952381 0.80952381 0.9047619
 0.9047619  1.        ]","[0.         0.         0.2        0.2        0.6        0.6
 0.65714286 0.65714286 0.68571429 0.68571429 0.74285714 0.74285714
 0.85714286 0.85714286 0.88571429 0.88571429 0.97142857 0.97142857
 1.         1.        ]",0.6802721088435374,"[0.64814815 0.64150943 0.65384615 0.66666667 0.66       0.65306122
 0.64583333 0.65957447 0.67391304 0.66666667 0.68181818 0.6744186
 0.66666667 0.65853659 0.65       0.66666667 0.65789474 0.64864865
 0.66666667 0.68571429 0.70588235 0.72727273 0.75       0.77419355
 0.76666667 0.79310345 0.78571429 0.77777778 0.80769231 0.84
 0.875      0.86956522 0.86363636 0.85714286 0.85       0.84210526
 0.83333333 0.82352941 0.8125     0.8        0.78571429 0.76923077
 0.75       0.72727273 0.7        0.77777778 0.875      0.85714286
 0.83333333 0.8        0.75       0.66666667 0.5        0.
 1.        ]","[1.         0.97142857 0.97142857 0.97142857 0.94285714 0.91428571
 0.88571429 0.88571429 0.88571429 0.85714286 0.85714286 0.82857143
 0.8        0.77142857 0.74285714 0.74285714 0.71428571 0.68571429
 0.68571429 0.68571429 0.68571429 0.68571429 0.68571429 0.68571429
 0.65714286 0.65714286 0.62857143 0.6        0.6        0.6
 0.6        0.57142857 0.54285714 0.51428571 0.48571429 0.45714286
 0.42857143 0.4        0.37142857 0.34285714 0.31428571 0.28571429
 0.25714286 0.22857143 0.2        0.2        0.2        0.17142857
 0.14285714 0.11428571 0.08571429 0.05714286 0.02857143 0.
 0.        ]",0.7543421397987957
4,rf,0.7454545454545455,0.7061403508771931,0.8333333333333334,0.5789473684210527,0.7894736842105263,"[0.         0.         0.         0.05263158 0.05263158 0.05263158
 0.05263158 0.05263158 0.05263158 0.05263158 0.15789474 0.15789474
 0.15789474 0.15789474 0.26315789 0.26315789 0.31578947 0.31578947
 0.47368421 0.47368421 0.63157895 0.63157895 0.73684211 0.78947368
 0.84210526 0.94736842 0.94736842 1.        ]","[0.         0.02777778 0.08333333 0.11111111 0.22222222 0.36111111
 0.44444444 0.5        0.58333333 0.61111111 0.61111111 0.66666667
 0.72222222 0.75       0.75       0.77777778 0.77777778 0.83333333
 0.83333333 0.91666667 0.91666667 0.94444444 0.94444444 0.94444444
 0.97222222 0.97222222 1.         1.        ]",0.8201754385964912,"[0.66666667 0.66037736 0.67307692 0.68627451 0.69387755 0.70833333
 0.73913043 0.73333333 0.75       0.76744186 0.78571429 0.7804878
 0.775      0.76923077 0.78947368 0.81081081 0.83333333 0.82857143
 0.82352941 0.84848485 0.84375    0.87096774 0.9        0.89655172
 0.88888889 0.88461538 0.88       0.91666667 0.95652174 0.95454545
 0.94736842 0.94444444 0.94117647 0.92857143 0.92307692 0.91666667
 0.90909091 0.9        0.88888889 0.85714286 0.8        1.
 1.         1.        ]","[1.         0.97222222 0.97222222 0.97222222 0.94444444 0.94444444
 0.94444444 0.91666667 0.91666667 0.91666667 0.91666667 0.88888889
 0.86111111 0.83333333 0.83333333 0.83333333 0.83333333 0.80555556
 0.77777778 0.77777778 0.75       0.75       0.75       0.72222222
 0.66666667 0.63888889 0.61111111 0.61111111 0.61111111 0.58333333
 0.5        0.47222222 0.44444444 0.36111111 0.33333333 0.30555556
 0.27777778 0.25       0.22222222 0.16666667 0.11111111 0.08333333
 0.02777778 0.        ]",0.8837566898198134
4,lr,0.8,0.722953216374269,0.9722222222222222,0.47368421052631576,0.7777777777777778,"[0.         0.         0.         0.05263158 0.05263158 0.10526316
 0.10526316 0.15789474 0.15789474 0.21052632 0.21052632 0.26315789
 0.26315789 0.31578947 0.31578947 0.36842105 0.36842105 0.42105263
 0.42105263 0.47368421 0.47368421 0.89473684 0.89473684 1.        ]","[0.         0.02777778 0.13888889 0.13888889 0.30555556 0.30555556
 0.52777778 0.52777778 0.58333333 0.58333333 0.61111111 0.61111111
 0.72222222 0.72222222 0.80555556 0.80555556 0.86111111 0.86111111
 0.88888889 0.88888889 0.97222222 0.97222222 1.         1.        ]",0.8011695906432749,"[0.67924528 0.67307692 0.68627451 0.7        0.71428571 0.72916667
 0.74468085 0.76086957 0.77777778 0.79545455 0.79069767 0.78571429
 0.7804878  0.8        0.79487179 0.81578947 0.81081081 0.80555556
 0.82857143 0.82352941 0.81818182 0.8125     0.83870968 0.83333333
 0.82758621 0.82142857 0.81481481 0.84615385 0.84       0.875
 0.86956522 0.86363636 0.9047619  0.9        0.89473684 0.88888889
 0.88235294 0.875      0.86666667 0.85714286 0.84615385 0.91666667
 0.90909091 0.9        0.88888889 0.875      0.85714286 0.83333333
 1.         1.         1.         1.         1.         1.        ]","[1.         0.97222222 0.97222222 0.97222222 0.97222222 0.97222222
 0.97222222 0.97222222 0.97222222 0.97222222 0.94444444 0.91666667
 0.88888889 0.88888889 0.86111111 0.86111111 0.83333333 0.80555556
 0.80555556 0.77777778 0.75       0.72222222 0.72222222 0.69444444
 0.66666667 0.63888889 0.61111111 0.61111111 0.58333333 0.58333333
 0.55555556 0.52777778 0.52777778 0.5        0.47222222 0.44444444
 0.41666667 0.38888889 0.36111111 0.33333333 0.30555556 0.30555556
 0.27777778 0.25       0.22222222 0.19444444 0.16666667 0.13888889
 0.13888889 0.11111111 0.08333333 0.05555556 0.02777778 0.        ]",0.868780861299267
4,rf,0.7454545454545455,0.6812865497076023,0.8888888888888888,0.47368421052631576,0.7619047619047619,"[0.         0.         0.         0.         0.05263158 0.05263158
 0.10526316 0.10526316 0.10526316 0.15789474 0.26315789 0.31578947
 0.31578947 0.42105263 0.42105263 0.52631579 0.52631579 1.
 1.        ]","[0.         0.02777778 0.19444444 0.25       0.25       0.44444444
 0.47222222 0.52777778 0.66666667 0.66666667 0.69444444 0.69444444
 0.72222222 0.72222222 0.80555556 0.80555556 0.97222222 0.97222222
 1.        ]",0.8019005847953217,"[0.65454545 0.64814815 0.66037736 0.67307692 0.68627451 0.7
 0.71428571 0.72916667 0.74468085 0.76086957 0.77777778 0.77272727
 0.76744186 0.76190476 0.75609756 0.75       0.74358974 0.76315789
 0.78378378 0.77777778 0.77142857 0.76470588 0.78787879 0.8125
 0.80645161 0.83333333 0.88888889 0.92307692 0.92       0.91666667
 0.91304348 0.90909091 0.9047619  0.89473684 0.94117647 0.9375
 0.93333333 0.92857143 0.92307692 0.91666667 0.90909091 0.9
 1.         1.         1.         1.         1.         1.
 1.         1.         1.        ]","[1.         0.97222222 0.97222222 0.97222222 0.97222222 0.97222222
 0.97222222 0.97222222 0.97222222 0.97222222 0.97222222 0.94444444
 0.91666667 0.88888889 0.86111111 0.83333333 0.80555556 0.80555556
 0.80555556 0.77777778 0.75       0.72222222 0.72222222 0.72222222
 0.69444444 0.69444444 0.66666667 0.66666667 0.63888889 0.61111111
 0.58333333 0.55555556 0.52777778 0.47222222 0.44444444 0.41666667
 0.38888889 0.36111111 0.33333333 0.30555556 0.27777778 0.25
 0.25       0.19444444 0.16666667 0.13888889 0.11111111 0.08333333
 0.05555556 0.02777778 0.        ]",0.88874645874365
4,lr,0.7272727272727273,0.6798245614035088,0.8333333333333334,0.5263157894736842,0.7692307692307693,"[0.         0.         0.         0.05263158 0.05263158 0.15789474
 0.15789474 0.21052632 0.21052632 0.26315789 0.26315789 0.26315789
 0.42105263 0.42105263 0.47368421 0.47368421 0.52631579 0.52631579
 0.78947368 0.78947368 0.84210526 0.84210526 1.        ]","[0.         0.02777778 0.22222222 0.22222222 0.36111111 0.36111111
 0.61111111 0.61111111 0.66666667 0.66666667 0.72222222 0.77777778
 0.77777778 0.83333333 0.83333333 0.88888889 0.88888889 0.91666667
 0.91666667 0.97222222 0.97222222 1.         1.        ]",0.7807017543859649,"[0.69230769 0.68627451 0.7        0.69387755 0.6875     0.70212766
 0.7173913  0.73333333 0.75       0.76744186 0.76190476 0.7804878
 0.775      0.76923077 0.78947368 0.78378378 0.77777778 0.8
 0.82352941 0.84848485 0.83870968 0.83333333 0.82758621 0.85714286
 0.85185185 0.84615385 0.88       0.875      0.86956522 0.86363636
 0.85714286 0.85       0.84210526 0.83333333 0.82352941 0.8125
 0.86666667 0.92857143 0.92307692 0.91666667 0.90909091 0.9
 0.88888889 1.         1.         1.         1.         1.
 1.         1.         1.         1.        ]","[1.         0.97222222 0.97222222 0.94444444 0.91666667 0.91666667
 0.91666667 0.91666667 0.91666667 0.91666667 0.88888889 0.88888889
 0.86111111 0.83333333 0.83333333 0.80555556 0.77777778 0.77777778
 0.77777778 0.77777778 0.72222222 0.69444444 0.66666667 0.66666667
 0.63888889 0.61111111 0.61111111 0.58333333 0.55555556 0.52777778
 0.5        0.47222222 0.44444444 0.41666667 0.38888889 0.36111111
 0.36111111 0.36111111 0.33333333 0.30555556 0.27777778 0.25
 0.22222222 0.22222222 0.19444444 0.16666667 0.13888889 0.11111111
 0.08333333 0.05555556 0.02777778 0.        ]",0.8703360602004183
4,rf,0.7272727272727273,0.6673976608187134,0.8611111111111112,0.47368421052631576,0.7560975609756098,"[0.         0.         0.         0.         0.05263158 0.05263158
 0.05263158 0.10526316 0.10526316 0.15789474 0.15789474 0.15789474
 0.15789474 0.26315789 0.36842105 0.36842105 0.36842105 0.52631579
 0.52631579 0.52631579 0.63157895 0.63157895 0.73684211 0.78947368
 0.89473684 1.         1.        ]","[0.         0.05555556 0.11111111 0.19444444 0.22222222 0.33333333
 0.36111111 0.36111111 0.58333333 0.61111111 0.63888889 0.69444444
 0.72222222 0.75       0.75       0.77777778 0.83333333 0.83333333
 0.86111111 0.91666667 0.91666667 0.94444444 0.94444444 0.97222222
 0.97222222 0.97222222 1.        ]",0.8004385964912282,"[0.65454545 0.64814815 0.66037736 0.67307692 0.7        0.70833333
 0.72340426 0.73913043 0.73333333 0.75       0.76744186 0.75609756
 0.75       0.76923077 0.78947368 0.81081081 0.8        0.79411765
 0.84375    0.89655172 0.89285714 0.88461538 0.88       0.91304348
 0.9047619  0.89473684 0.88235294 0.86666667 0.92857143 0.92307692
 0.88888889 1.         1.         1.         1.         1.
 1.        ]","[1.         0.97222222 0.97222222 0.97222222 0.97222222 0.94444444
 0.94444444 0.94444444 0.91666667 0.91666667 0.91666667 0.86111111
 0.83333333 0.83333333 0.83333333 0.83333333 0.77777778 0.75
 0.75       0.72222222 0.69444444 0.63888889 0.61111111 0.58333333
 0.52777778 0.47222222 0.41666667 0.36111111 0.36111111 0.33333333
 0.22222222 0.19444444 0.16666667 0.13888889 0.11111111 0.05555556
 0.        ]",0.8832352369361155
4,lr,0.7090909090909091,0.6286549707602339,0.8888888888888888,0.3684210526315789,0.7272727272727273,"[0.         0.         0.         0.05263158 0.05263158 0.10526316
 0.10526316 0.15789474 0.15789474 0.21052632 0.21052632 0.31578947
 0.31578947 0.36842105 0.36842105 0.42105263 0.42105263 0.57894737
 0.57894737 0.68421053 0.68421053 0.78947368 0.78947368 1.        ]","[0.         0.02777778 0.22222222 0.22222222 0.25       0.25
 0.44444444 0.44444444 0.63888889 0.63888889 0.66666667 0.66666667
 0.75       0.75       0.80555556 0.80555556 0.86111111 0.86111111
 0.88888889 0.88888889 0.94444444 0.94444444 1.         1.        ]",0.7733918128654971,"[0.70588235 0.7        0.69387755 0.70833333 0.72340426 0.7173913
 0.71111111 0.72727273 0.74418605 0.73809524 0.75609756 0.775
 0.79487179 0.78947368 0.78378378 0.80555556 0.8        0.79411765
 0.81818182 0.8125     0.80645161 0.8        0.82758621 0.85714286
 0.85185185 0.88461538 0.88       0.875      0.86956522 0.86363636
 0.85714286 0.85       0.84210526 0.88888889 0.88235294 0.875
 0.86666667 0.85714286 0.84615385 0.83333333 0.81818182 0.9
 0.88888889 1.         1.         1.         1.         1.
 1.         1.         1.         1.        ]","[1.         0.97222222 0.94444444 0.94444444 0.94444444 0.91666667
 0.88888889 0.88888889 0.88888889 0.86111111 0.86111111 0.86111111
 0.86111111 0.83333333 0.80555556 0.80555556 0.77777778 0.75
 0.75       0.72222222 0.69444444 0.66666667 0.66666667 0.66666667
 0.63888889 0.63888889 0.61111111 0.58333333 0.55555556 0.52777778
 0.5        0.47222222 0.44444444 0.44444444 0.41666667 0.38888889
 0.36111111 0.33333333 0.30555556 0.27777778 0.25       0.25
 0.22222222 0.22222222 0.19444444 0.16666667 0.13888889 0.11111111
 0.08333333 0.05555556 0.02777778 0.        ]",0.8640149899481536
4,rf,0.7636363636363637,0.7076023391812865,0.8888888888888888,0.5263157894736842,0.7804878048780488,"[0.         0.         0.         0.         0.         0.05263158
 0.05263158 0.10526316 0.10526316 0.10526316 0.10526316 0.21052632
 0.26315789 0.31578947 0.31578947 0.36842105 0.36842105 0.42105263
 0.42105263 0.47368421 0.47368421 0.52631579 0.52631579 0.63157895
 0.63157895 0.73684211 0.73684211 1.         1.        ]","[0.         0.02777778 0.16666667 0.22222222 0.30555556 0.30555556
 0.36111111 0.36111111 0.44444444 0.5        0.61111111 0.66666667
 0.66666667 0.69444444 0.72222222 0.72222222 0.80555556 0.80555556
 0.86111111 0.86111111 0.88888889 0.88888889 0.91666667 0.91666667
 0.94444444 0.94444444 0.97222222 0.97222222 1.        ]",0.7975146198830408,"[0.65454545 0.64814815 0.66037736 0.67307692 0.68627451 0.7
 0.71428571 0.70833333 0.72340426 0.73913043 0.73333333 0.75
 0.76744186 0.76190476 0.7804878  0.775      0.79487179 0.78947368
 0.78378378 0.80555556 0.8        0.79411765 0.78787879 0.8125
 0.80645161 0.82758621 0.85714286 0.88461538 0.91666667 0.91304348
 0.90909091 0.9047619  0.9        0.88888889 0.88235294 0.875
 0.86666667 0.92857143 0.92307692 0.91666667 1.         1.
 1.         1.         1.         1.         1.         1.
 1.         1.         1.        ]","[1.         0.97222222 0.97222222 0.97222222 0.97222222 0.97222222
 0.97222222 0.94444444 0.94444444 0.94444444 0.91666667 0.91666667
 0.91666667 0.88888889 0.88888889 0.86111111 0.86111111 0.83333333
 0.80555556 0.80555556 0.77777778 0.75       0.72222222 0.72222222
 0.69444444 0.66666667 0.66666667 0.63888889 0.61111111 0.58333333
 0.55555556 0.52777778 0.5        0.44444444 0.41666667 0.38888889
 0.36111111 0.36111111 0.33333333 0.30555556 0.30555556 0.27777778
 0.25       0.22222222 0.16666667 0.13888889 0.11111111 0.08333333
 0.05555556 0.02777778 0.        ]",0.8872798040502548
4,lr,0.6909090909090909,0.6271929824561404,0.8333333333333334,0.42105263157894735,0.7317073170731707,"[0.         0.         0.         0.05263158 0.05263158 0.10526316
 0.10526316 0.15789474 0.15789474 0.21052632 0.21052632 0.36842105
 0.36842105 0.42105263 0.42105263 0.57894737 0.57894737 0.63157895
 0.63157895 0.73684211 0.73684211 0.84210526 0.84210526 1.        ]","[0.         0.02777778 0.11111111 0.11111111 0.22222222 0.22222222
 0.30555556 0.30555556 0.61111111 0.61111111 0.72222222 0.72222222
 0.77777778 0.77777778 0.83333333 0.83333333 0.86111111 0.86111111
 0.91666667 0.91666667 0.97222222 0.97222222 1.         1.        ]",0.7543859649122807,"[0.69230769 0.68627451 0.7        0.71428571 0.70833333 0.70212766
 0.7173913  0.73333333 0.72727273 0.72093023 0.73809524 0.73170732
 0.75       0.76923077 0.78947368 0.78378378 0.77777778 0.8
 0.79411765 0.78787879 0.8125     0.83870968 0.86666667 0.86206897
 0.85714286 0.85185185 0.84615385 0.88       0.875      0.86956522
 0.86363636 0.85714286 0.85       0.84210526 0.83333333 0.82352941
 0.8125     0.8        0.78571429 0.84615385 0.83333333 0.81818182
 0.8        0.88888889 0.875      0.85714286 0.83333333 0.8
 1.         1.         1.         1.         1.        ]","[1.         0.97222222 0.97222222 0.97222222 0.94444444 0.91666667
 0.91666667 0.91666667 0.88888889 0.86111111 0.86111111 0.83333333
 0.83333333 0.83333333 0.83333333 0.80555556 0.77777778 0.77777778
 0.75       0.72222222 0.72222222 0.72222222 0.72222222 0.69444444
 0.66666667 0.63888889 0.61111111 0.61111111 0.58333333 0.55555556
 0.52777778 0.5        0.47222222 0.44444444 0.41666667 0.38888889
 0.36111111 0.33333333 0.30555556 0.30555556 0.27777778 0.25
 0.22222222 0.22222222 0.19444444 0.16666667 0.13888889 0.11111111
 0.11111111 0.08333333 0.05555556 0.02777778 0.        ]",0.8382661116200091
4,rf,0.7272727272727273,0.6549707602339181,0.8888888888888888,0.42105263157894735,0.7441860465116279,"[0.         0.         0.         0.         0.         0.05263158
 0.05263158 0.05263158 0.05263158 0.15789474 0.21052632 0.21052632
 0.26315789 0.26315789 0.31578947 0.42105263 0.42105263 0.47368421
 0.47368421 0.52631579 0.52631579 0.57894737 0.57894737 1.
 1.        ]","[0.         0.05555556 0.13888889 0.19444444 0.22222222 0.27777778
 0.33333333 0.41666667 0.52777778 0.52777778 0.55555556 0.66666667
 0.66666667 0.69444444 0.72222222 0.72222222 0.77777778 0.77777778
 0.80555556 0.83333333 0.86111111 0.86111111 0.97222222 0.97222222
 1.        ]",0.7843567251461988,"[0.65454545 0.64814815 0.66037736 0.67307692 0.68627451 0.7
 0.71428571 0.72916667 0.74468085 0.76086957 0.75555556 0.75
 0.74418605 0.73809524 0.75609756 0.75       0.76315789 0.75675676
 0.77777778 0.77142857 0.76470588 0.8125     0.83333333 0.82758621
 0.85714286 0.83333333 0.86363636 0.9047619  0.95       0.94444444
 0.9375     0.92307692 0.90909091 1.         1.         1.
 1.         1.         1.         1.        ]","[1.         0.97222222 0.97222222 0.97222222 0.97222222 0.97222222
 0.97222222 0.97222222 0.97222222 0.97222222 0.94444444 0.91666667
 0.88888889 0.86111111 0.86111111 0.83333333 0.80555556 0.77777778
 0.77777778 0.75       0.72222222 0.72222222 0.69444444 0.66666667
 0.66666667 0.55555556 0.52777778 0.52777778 0.52777778 0.47222222
 0.41666667 0.33333333 0.27777778 0.22222222 0.19444444 0.13888889
 0.11111111 0.08333333 0.05555556 0.        ]",0.8793633632003189
4,lr,0.7272727272727273,0.6798245614035088,0.8333333333333334,0.5263157894736842,0.7692307692307693,"[0.         0.         0.         0.05263158 0.05263158 0.10526316
 0.10526316 0.15789474 0.15789474 0.21052632 0.21052632 0.26315789
 0.26315789 0.31578947 0.31578947 0.31578947 0.47368421 0.47368421
 0.52631579 0.52631579 0.73684211 0.73684211 0.78947368 0.78947368
 1.        ]","[0.         0.02777778 0.13888889 0.13888889 0.38888889 0.38888889
 0.5        0.5        0.63888889 0.63888889 0.66666667 0.66666667
 0.69444444 0.69444444 0.75       0.80555556 0.80555556 0.83333333
 0.83333333 0.91666667 0.91666667 0.97222222 0.97222222 1.
 1.        ]",0.7850877192982457,"[0.70588235 0.7        0.71428571 0.70833333 0.70212766 0.7173913
 0.73333333 0.75       0.76744186 0.76190476 0.75609756 0.75
 0.76923077 0.76315789 0.78378378 0.80555556 0.82857143 0.81818182
 0.8125     0.80645161 0.83333333 0.82758621 0.85714286 0.85185185
 0.88461538 0.88       0.875      0.86956522 0.86363636 0.85714286
 0.9        0.89473684 0.88888889 0.88235294 0.875      0.93333333
 0.92857143 0.92307692 0.91666667 0.90909091 0.9        0.88888889
 0.875      0.85714286 0.83333333 1.         1.         1.
 1.         1.         1.        ]","[1.         0.97222222 0.97222222 0.94444444 0.91666667 0.91666667
 0.91666667 0.91666667 0.91666667 0.88888889 0.86111111 0.83333333
 0.83333333 0.80555556 0.80555556 0.80555556 0.80555556 0.75
 0.72222222 0.69444444 0.69444444 0.66666667 0.66666667 0.63888889
 0.63888889 0.61111111 0.58333333 0.55555556 0.52777778 0.5
 0.5        0.47222222 0.44444444 0.41666667 0.38888889 0.38888889
 0.36111111 0.33333333 0.30555556 0.27777778 0.25       0.22222222
 0.19444444 0.16666667 0.13888889 0.13888889 0.11111111 0.08333333
 0.05555556 0.02777778 0.        ]",0.8675567739867232
